Date,Location,MinTemp,MaxTemp,Rainfall,Evaporation,Sunshine,WindGustDir,WindGustSpeed,WindDir9am,WindDir3pm,WindSpeed9am,WindSpeed3pm,Humidity9am,Humidity3pm,Pressure9am,Pressure3pm,Cloud9am,Cloud3pm,Temp9am,Temp3pm,RainToday,RainTomorrow
2009-01-01T00:00:00.000Z,Cobar,17.9,35.2,0,12,12.3,SSW,48,ENE,SW,6,20,20,13,1006.3,1004.4,2,5,26.6,33.4,No,No
2009-01-02T00:00:00.000Z,Cobar,18.4,28.9,0,14.8,13,S,37,SSE,SSE,19,19,30,8,1012.9,1012.1,1,1,20.3,27,No,No
2009-01-04T00:00:00.000Z,Cobar,19.4,37.6,0,10.8,10.6,NNE,46,NNE,NNW,30,15,42,22,1012.3,1009.2,1,6,28.7,34.9,No,No
2009-01-05T00:00:00.000Z,Cobar,21.9,38.4,0,11.4,12.2,WNW,31,WNW,WSW,6,6,37,22,1012.7,1009.1,1,5,29.1,35.6,No,No
2009-01-06T00:00:00.000Z,Cobar,24.2,41,0,11.2,8.4,WNW,35,NW,WNW,17,13,19,15,1010.7,1007.4,1,6,33.6,37.6,No,No
2009-01-07T00:00:00.000Z,Cobar,27.1,36.1,0,13,0,N,43,N,WNW,7,20,26,19,1007.7,1007.4,8,8,30.7,34.3,No,No
2009-01-08T00:00:00.000Z,Cobar,23.3,34,0,9.8,12.6,SSW,41,S,SSE,17,19,33,15,1011.3,1009.9,3,1,25,31.5,No,No
2009-01-09T00:00:00.000Z,Cobar,16.1,34.2,0,14.6,13.2,SE,37,SE,S,15,6,25,9,1013.3,1009.2,1,1,20.7,32.8,No,No
2009-01-10T00:00:00.000Z,Cobar,19,35.5,0,12,12.3,ENE,48,ENE,WSW,30,9,46,28,1008.3,1004,1,5,23.4,33.3,No,No
2009-01-11T00:00:00.000Z,Cobar,19.7,35.5,0,11,12.7,NE,41,NNE,WSW,15,17,61,14,1007.9,1005.8,1,5,24,33.6,No,No
2009-01-12T00:00:00.000Z,Cobar,20.9,37.8,0,12.8,13.2,E,30,SE,ENE,11,7,27,9,1012.6,1010.1,0,1,29.8,36.4,No,No
2009-01-13T00:00:00.000Z,Cobar,23.9,39.1,0,13.8,12.1,ENE,39,NE,N,24,9,40,15,1013.6,1010.4,0,2,29.1,37,No,No
2009-01-14T00:00:00.000Z,Cobar,24.9,41.2,0,14.8,13,SSW,43,N,NNW,17,11,25,15,1012.9,1010.1,1,3,31.5,38.1,No,No
2009-01-15T00:00:00.000Z,Cobar,25.2,40.5,0,16.4,10.3,SW,44,W,SW,13,22,24,15,1012.4,1009,4,6,31.4,37.8,No,No
2009-01-16T00:00:00.000Z,Cobar,21.6,34.2,0,17.4,13.1,SW,44,S,S,17,19,19,8,1014.1,1012.3,0,0,25,32.2,No,No
2009-01-17T00:00:00.000Z,Cobar,18.4,31.8,0,16,12.9,S,33,S,SW,17,15,25,5,1016.3,1013.8,0,1,19.9,30.3,No,No
2009-01-18T00:00:00.000Z,Cobar,17.9,34.2,0,12,11.3,SE,61,NE,SE,22,17,46,19,1016.4,1013.5,1,2,21.6,32.2,No,No
2009-01-19T00:00:00.000Z,Cobar,21.4,37.5,0,14.8,6.9,NNE,43,ENE,NNE,26,9,34,29,1013.1,1009.6,7,6,26.2,34.1,No,Yes
2009-01-20T00:00:00.000Z,Cobar,23.3,39.4,4.8,12,10.9,W,59,N,NW,19,17,54,14,1011.1,1008.5,1,7,27,37,Yes,No
2009-01-21T00:00:00.000Z,Cobar,25.4,33.5,0,13.6,3.7,N,46,NW,N,9,28,46,52,1012,1009.8,4,7,28.9,29.7,No,No
2009-01-22T00:00:00.000Z,Cobar,21.8,30.7,0,8,5.9,WNW,56,N,N,24,19,71,63,1008.6,1006.2,7,7,24.4,27.3,No,Yes
2009-01-23T00:00:00.000Z,Cobar,20.3,36,18,8.2,10.5,WSW,94,NNE,NW,13,7,89,50,1008.6,1006.7,7,4,24.7,33.4,Yes,Yes
2009-01-24T00:00:00.000Z,Cobar,22.1,34.7,8.6,8.6,12.4,NNW,50,SSW,SW,11,15,46,23,1008.6,1008.3,2,6,28.1,33.2,Yes,No
2009-01-25T00:00:00.000Z,Cobar,19.7,37.3,0,14.2,13.4,SSW,28,SE,ENE,13,6,19,10,1013.1,1011.8,1,1,26.4,35,No,No
2009-01-26T00:00:00.000Z,Cobar,23.8,39.9,0,12.6,13.2,S,31,ENE,E,17,7,50,16,1014.6,1012.1,0,1,28.7,38.7,No,No
2009-01-27T00:00:00.000Z,Cobar,27,38.7,0,14.2,13,ENE,46,ENE,ESE,24,7,45,22,1015.2,1012.6,1,3,29,36.4,No,No
2009-01-28T00:00:00.000Z,Cobar,26.2,38.5,0,14.6,13.3,E,39,NNE,ENE,15,19,37,17,1014.4,1011.5,0,2,29.6,37,No,No
2009-01-29T00:00:00.000Z,Cobar,25,39.5,0,14.6,13.6,ENE,52,NNE,NNE,19,20,31,14,1014.6,1011.2,0,1,29.9,38.4,No,No
2009-01-30T00:00:00.000Z,Cobar,25.1,39.3,0,15.8,13.2,ESE,44,NNE,ESE,20,20,34,18,1013.8,1010.5,0,1,29.9,37.5,No,No
2009-01-31T00:00:00.000Z,Cobar,25.2,38.5,0,16.2,13.1,ENE,44,NNE,NE,24,20,35,18,1015.2,1011.9,1,2,29,36.9,No,No
2009-02-01T00:00:00.000Z,Cobar,24.8,40.8,0,13.4,11.3,SE,30,W,SSE,9,9,34,16,1012.9,1009.8,5,3,30.1,38.9,No,No
2009-02-02T00:00:00.000Z,Cobar,27.6,40.3,0,14.4,10.9,S,57,NNE,NNE,17,9,32,20,1010.4,1007.1,5,2,32,38.5,No,No
2009-02-03T00:00:00.000Z,Cobar,23.6,40.4,0.6,11.8,12.2,WSW,54,E,SSW,9,11,42,17,1008.4,1005,1,2,29.9,38.7,No,Yes
2009-02-04T00:00:00.000Z,Cobar,24.1,41.4,1.6,12.6,12.3,ENE,39,NE,WSW,17,7,50,21,1007,1003.5,0,4,28.2,38.8,Yes,No
2009-02-05T00:00:00.000Z,Cobar,27.2,43.4,0,14.2,12.6,NNW,37,N,N,15,7,33,14,1005.9,1003.3,1,3,32.6,43,No,No
2009-02-06T00:00:00.000Z,Cobar,29.1,43.5,0,13,12.1,WNW,28,NNW,NNW,9,13,25,16,1007.5,1005.2,1,2,35.6,41.4,No,No
2009-02-07T00:00:00.000Z,Cobar,28.9,41.4,0,15.6,12.7,NNE,41,NNE,ENE,20,19,22,14,1010.4,1008.3,1,0,32.1,40,No,No
2009-02-08T00:00:00.000Z,Cobar,25.1,42,0,17.4,13,NNE,39,N,NNE,15,13,23,9,1009.9,1007.3,0,1,31.6,40.4,No,No
2009-02-09T00:00:00.000Z,Cobar,25.4,36.6,0,15.2,10.3,SW,43,SSW,SSW,19,13,24,12,1008.6,1006.9,5,5,26.1,35.4,No,No
2009-02-10T00:00:00.000Z,Cobar,19.3,28.1,0,16,7.4,SSW,46,S,SSW,19,24,26,14,1010.2,1008.8,7,4,19.6,24.9,No,No
2009-02-11T00:00:00.000Z,Cobar,14.1,25.9,0,11.6,12.3,SW,44,SSW,S,22,24,38,19,1011.9,1010.1,0,0,14.8,24.1,No,No
2009-02-12T00:00:00.000Z,Cobar,14.5,30.1,0,9.6,10,S,37,S,SE,9,13,44,25,1013.2,1010,6,6,17.4,28.4,No,No
2009-02-13T00:00:00.000Z,Cobar,16.8,23.3,0.6,8,2.3,E,63,E,E,35,35,66,53,1013.8,1012.2,7,7,18.5,22.4,No,Yes
2009-02-14T00:00:00.000Z,Cobar,16.1,19.1,26,6.6,0,ESE,54,ESE,ESE,28,19,81,93,1014.3,1013.2,7,7,17.1,17,Yes,Yes
2009-02-15T00:00:00.000Z,Cobar,16,24.2,7,0.6,6.6,SE,43,SE,ESE,13,24,66,56,1012.1,1011.2,5,6,18.9,22.7,Yes,No
2009-02-16T00:00:00.000Z,Cobar,17.4,19.7,0,6,0,ESE,48,SE,SE,19,20,65,97,1011.2,1010.7,7,7,19.2,17.1,No,Yes
2009-02-17T00:00:00.000Z,Cobar,15.9,20.8,32.6,3,0.3,ESE,44,ESE,ESE,15,19,94,77,1011.9,1010.2,8,7,16.6,20.6,Yes,Yes
2009-02-18T00:00:00.000Z,Cobar,16.5,27.4,1.6,2,10,E,30,E,ESE,19,15,69,53,1009,1006.2,3,6,20.1,27,Yes,No
2009-02-19T00:00:00.000Z,Cobar,16.8,30.6,0,5.2,10.7,SSE,26,E,S,6,13,66,28,1008.7,1007.1,0,3,22.1,30,No,No
2009-02-20T00:00:00.000Z,Cobar,20.4,34,0,6.6,11.6,SW,31,WSW,SSE,9,4,45,19,1011,1009.6,2,4,25.9,33.1,No,No
2009-02-21T00:00:00.000Z,Cobar,19.9,31.7,0,9,12.4,S,31,S,SSW,13,11,39,25,1012.5,1010.8,1,1,23,30.3,No,No
2009-02-22T00:00:00.000Z,Cobar,17.2,34.3,0,10.2,12.4,WNW,39,E,NNW,15,9,52,19,1013.3,1011.2,0,2,22.3,32.3,No,No
2009-02-23T00:00:00.000Z,Cobar,21.9,35.1,0,9,10.2,S,43,NNE,NNW,22,24,53,30,1012.8,1010.4,3,4,25.9,34,No,Yes
2009-02-24T00:00:00.000Z,Cobar,21,34.7,2,10,9,E,46,NNE,NW,15,22,60,34,1013.5,1011.7,3,4,25.6,32.9,Yes,No
2009-02-25T00:00:00.000Z,Cobar,18.7,33.1,0.8,7.4,12.1,WSW,31,SSW,SW,11,9,69,32,1014.9,1013.2,2,2,23.6,31.7,No,No
2009-02-26T00:00:00.000Z,Cobar,17.9,33.8,0,8.4,12,ESE,24,ESE,WSW,13,7,25,19,1014.7,1013,0,1,24,32.4,No,No
2009-02-27T00:00:00.000Z,Cobar,19.9,33.5,0,9.2,12.3,NE,39,ENE,N,26,7,55,22,1014.5,1011.7,1,1,22.5,32.3,No,No
2009-02-28T00:00:00.000Z,Cobar,22.2,36.9,0,9.4,12,WSW,41,N,WNW,17,19,41,18,1010.9,1008.1,6,2,25.8,35.8,No,No
2009-03-01T00:00:00.000Z,Cobar,16.9,32.8,0,12.4,10.7,SSW,30,SW,S,2,11,33,14,1011.4,1010.1,6,3,20.4,30.4,No,No
2009-03-02T00:00:00.000Z,Cobar,20,31.1,0,10.4,3,SE,30,E,NW,7,6,31,31,1013.4,1012.7,7,6,23.1,29.3,No,No
2009-03-03T00:00:00.000Z,Cobar,23,38.9,0,7.2,8.4,W,65,NE,NNE,19,28,28,20,1012.8,1008.6,7,1,25,37.5,No,No
2009-03-04T00:00:00.000Z,Cobar,18.6,24.5,0,15.2,7.9,SSW,54,SSW,SW,22,24,46,21,1016,1015.6,8,1,18.6,22.9,No,No
2009-03-05T00:00:00.000Z,Cobar,14.1,24.6,0,11,11.5,SSW,46,SSW,SSW,20,17,50,29,1016.9,1014.2,1,0,15.1,22.5,No,No
2009-03-06T00:00:00.000Z,Cobar,11.9,26.4,0,8.4,12.1,WSW,41,SSW,WSW,11,9,52,28,1014.8,1012,0,0,16.7,24.9,No,No
2009-03-07T00:00:00.000Z,Cobar,13.1,29.6,0,8,12,SW,26,ESE,NE,11,7,42,18,1014.6,1012.4,0,0,18.7,27.8,No,No
2009-03-08T00:00:00.000Z,Cobar,16.5,33.2,0,9.4,12,E,46,SE,ESE,15,11,29,13,1014.2,1012,0,0,22.6,31.8,No,No
2009-03-09T00:00:00.000Z,Cobar,21.1,33.4,0,10.4,11.2,E,41,ENE,ENE,24,9,52,29,1015.8,1013.2,3,6,22.5,31.3,No,No
2009-03-10T00:00:00.000Z,Cobar,21.6,31.1,0,10.8,4.8,SW,61,ENE,E,30,11,49,34,1014.9,1013.7,7,7,24.2,28.5,No,No
2009-03-11T00:00:00.000Z,Cobar,19.5,31.4,0,6.8,10.5,ESE,46,ENE,ENE,26,19,54,34,1016.9,1014.4,1,1,21.8,30.2,No,No
2009-03-12T00:00:00.000Z,Cobar,21.6,32.2,0,11.2,5.8,NNE,48,ENE,N,28,20,54,35,1016.2,1013.2,6,5,23.9,31.2,No,Yes
2009-03-13T00:00:00.000Z,Cobar,18.5,29.6,9.2,7.6,6,NE,39,ENE,NE,13,6,86,43,1016.1,1013.3,5,6,20,28.8,Yes,Yes
2009-03-15T00:00:00.000Z,Cobar,16,24.3,0,10.4,11.1,S,39,SSE,SW,17,13,47,25,1014.5,1012.2,1,0,17.1,23.3,No,No
2009-03-16T00:00:00.000Z,Cobar,9.2,24.4,0,7.6,10.9,SSW,41,SW,SW,9,15,43,34,1015.1,1012.6,0,3,16,23.2,No,No
2009-03-17T00:00:00.000Z,Cobar,12.1,25.8,0,6.8,11.8,SSW,30,SSW,S,11,9,58,25,1015.6,1013.6,0,0,15.9,24.4,No,No
2009-03-18T00:00:00.000Z,Cobar,13.9,29.5,0,6.4,11.8,ESE,28,ESE,E,11,9,41,23,1015.8,1012.9,0,0,20.2,27.7,No,No
2009-03-19T00:00:00.000Z,Cobar,15.3,32.3,0,6,11.3,SW,24,E,SSW,4,9,39,16,1014.7,1012.7,5,1,21.3,30.8,No,No
2009-03-20T00:00:00.000Z,Cobar,17.6,33.9,0,8,11.6,E,39,ESE,WSW,7,6,29,9,1014.5,1011.9,0,1,23.8,32.7,No,No
2009-03-21T00:00:00.000Z,Cobar,19.1,34.2,0,9,11.4,ENE,28,ENE,SE,13,7,40,14,1014.7,1011.9,1,3,22.8,32.6,No,No
2009-03-22T00:00:00.000Z,Cobar,20.9,34.3,0,10.2,7.9,NNW,28,NE,WNW,13,13,46,19,1014.4,1011.9,7,1,21.9,32.8,No,No
2009-03-23T00:00:00.000Z,Cobar,21.3,35.9,0,9,10.8,N,35,N,WNW,9,15,35,17,1014.5,1012.5,2,1,24.8,34.7,No,No
2009-03-24T00:00:00.000Z,Cobar,19.2,37,0,10.2,11.1,NNW,43,N,NW,15,20,30,12,1014.9,1013.7,1,1,25.1,35.6,No,No
2009-03-25T00:00:00.000Z,Cobar,23.5,36.5,0,15.6,7.8,NNW,44,NNE,N,19,20,29,14,1017.3,1016,2,5,25.7,35.6,No,No
2009-03-26T00:00:00.000Z,Cobar,21.9,36.4,0,11.4,6.6,NNW,37,NNE,NW,13,9,31,13,1019.2,1016.8,5,4,25.2,36.3,No,No
2009-03-27T00:00:00.000Z,Cobar,20.8,31.2,0.2,11.4,10.3,SE,33,SSE,S,13,11,46,18,1021.3,1019.3,3,1,22.5,30.8,No,No
2009-03-28T00:00:00.000Z,Cobar,15.9,31,0,9.8,11.4,ENE,37,ENE,SSE,20,6,52,23,1021.2,1018.9,0,1,20.6,29.8,No,No
2009-03-29T00:00:00.000Z,Cobar,16.6,31.6,0,7.8,11.1,WSW,26,ENE,ESE,13,7,40,18,1020.3,1017.3,5,6,20.6,30.2,No,No
2009-03-30T00:00:00.000Z,Cobar,17.3,31,0,7,11.1,SE,33,E,SSE,17,9,43,24,1019.5,1016.3,3,1,20.4,29.4,No,No
2009-04-01T00:00:00.000Z,Cobar,18,30.6,0,8.4,11.2,SE,44,SE,SE,15,19,55,36,1016.3,1014.1,1,6,20.4,28.8,No,No
2009-04-02T00:00:00.000Z,Cobar,19.7,31.8,0,8.8,11.2,ESE,37,E,ESE,19,20,67,40,1017.9,1015.1,0,6,21.9,29.4,No,No
2009-04-03T00:00:00.000Z,Cobar,21,32.8,0,6.8,10.3,N,31,ENE,WNW,19,9,60,36,1018,1014.8,2,6,23.6,30.9,No,No
2009-04-04T00:00:00.000Z,Cobar,15.6,24.3,0.2,8.2,11.2,S,43,S,S,17,11,51,30,1020.2,1018,0,0,16.3,23.6,No,No
2009-04-05T00:00:00.000Z,Cobar,9.9,24.6,0,7,11.2,SSW,31,SSE,SW,11,15,40,17,1019.8,1016.3,0,0,16.9,24,No,No
2009-04-06T00:00:00.000Z,Cobar,10.7,23.3,0,6.2,11,SSW,43,SSE,S,17,15,53,23,1021.2,1018.6,0,0,16.4,22.2,No,No
2009-04-07T00:00:00.000Z,Cobar,9.4,25.6,0,7.6,11.2,SSW,31,S,SSE,13,13,44,26,1023.6,1020,0,0,13.8,24.6,No,No
2009-04-08T00:00:00.000Z,Cobar,13.5,28.4,0,5.8,9,ENE,35,ENE,ENE,24,11,57,32,1023,1019.8,1,3,19.9,28.1,No,No
2009-04-09T00:00:00.000Z,Cobar,17.1,28.7,0,6.6,5.5,WNW,43,ENE,ENE,15,15,45,32,1021.2,1016.9,7,7,20.1,26.7,No,Yes
2009-04-10T00:00:00.000Z,Cobar,16.5,20.6,14.4,6,0,E,30,NE,NNE,7,9,97,76,1021.3,1019.3,7,7,16.9,19.9,Yes,Yes
2009-04-11T00:00:00.000Z,Cobar,16,24.4,2.4,0.2,4.7,ENE,31,NNW,E,4,15,94,63,1023.1,1020.2,7,5,17.6,24,Yes,Yes
2009-04-12T00:00:00.000Z,Cobar,16.8,23.9,5.4,2.4,4.2,NNE,20,ENE,ENE,4,7,89,68,1022.9,1020.2,7,5,18.5,22.9,Yes,No
2009-04-13T00:00:00.000Z,Cobar,16.2,23.9,0,1.8,4.4,ENE,24,ESE,E,6,9,92,71,1020.6,1016.4,7,7,18.9,22.1,No,No
2009-04-15T00:00:00.000Z,Cobar,14.5,28.4,0,2.8,11.1,WNW,39,NW,WSW,15,22,56,23,1014.6,1012,0,1,22,27.4,No,No
2009-04-16T00:00:00.000Z,Cobar,14.9,29.4,0,8,9.8,NW,33,ENE,WNW,13,15,52,22,1015.1,1011.2,5,2,17.3,28.8,No,No
2009-04-17T00:00:00.000Z,Cobar,11.7,23.8,0,5,11,SSW,28,SSE,SSW,11,13,38,27,1017.7,1015.7,0,0,17.2,23.5,No,No
2009-04-18T00:00:00.000Z,Cobar,11.2,23.8,0,5,11,S,35,S,S,7,15,50,29,1020.9,1018.2,0,0,17.9,23.1,No,No
2009-04-19T00:00:00.000Z,Cobar,11.4,25.6,0,5,10.9,ESE,26,SSE,SSE,7,9,46,25,1020.3,1016.3,0,0,18.9,24.7,No,No
2009-04-20T00:00:00.000Z,Cobar,13.3,24.1,0,5.2,11.2,SE,31,E,S,13,15,52,23,1019.6,1016.1,0,1,18,23.5,No,No
2009-04-21T00:00:00.000Z,Cobar,11.9,24,0,6.2,10.9,ESE,35,E,ESE,19,13,52,33,1021,1016.8,1,1,17.2,23.4,No,No
2009-04-22T00:00:00.000Z,Cobar,12.3,24.6,0,5,9.9,E,31,ESE,SE,15,15,58,30,1021.8,1018,4,1,17.9,23.7,No,No
2009-04-23T00:00:00.000Z,Cobar,12,25.9,0,4.4,11,NE,33,ENE,E,20,9,57,28,1018.5,1013.7,0,4,17.5,25.3,No,No
2009-04-24T00:00:00.000Z,Cobar,16.7,24.6,0,7,4.3,WNW,57,NW,NNW,6,24,51,36,1009.2,1003.6,8,6,18.5,23.9,No,No
2009-04-25T00:00:00.000Z,Cobar,12.7,23.4,0.6,5,10.6,NW,46,WSW,WNW,13,24,64,36,1010.3,1006,1,5,17.1,21.9,No,No
2009-04-26T00:00:00.000Z,Cobar,11.2,18.4,1,5.6,9,WNW,63,WSW,W,22,19,54,37,1011.1,1010.7,1,6,13.1,16.5,No,No
2009-04-27T00:00:00.000Z,Cobar,5.7,19.7,0,4.8,10.3,WSW,52,WSW,WNW,9,17,58,34,1017.7,1015.2,0,1,12.6,18.8,No,No
2009-04-28T00:00:00.000Z,Cobar,12.4,19.9,1,4.2,8,WSW,35,SW,SW,17,19,78,41,1020.7,1018.6,7,3,14.7,18.6,No,No
2009-04-29T00:00:00.000Z,Cobar,6.2,17,0,4,9.6,SW,33,SSE,SW,4,11,57,34,1021.6,1018.9,7,2,11.4,16.4,No,No
2009-05-01T00:00:00.000Z,Cobar,6.2,19.3,0,3,7.8,ESE,17,ESE,SSE,7,2,49,31,1024.9,1021.6,6,6,14,19.1,No,No
2009-05-02T00:00:00.000Z,Cobar,6.6,20.6,0,2.4,10.6,S,28,SE,SSE,7,15,39,29,1025.6,1022.5,0,1,15.2,19.8,No,No
2009-05-03T00:00:00.000Z,Cobar,7.5,22.8,0,4.2,10.7,ESE,30,SE,ESE,9,17,54,22,1026,1023.5,0,1,14.8,21.9,No,No
2009-05-04T00:00:00.000Z,Cobar,8.5,23.3,0,4.2,10.7,ESE,22,SE,SSW,11,9,55,25,1028.3,1025.8,0,1,15.6,23.2,No,No
2009-05-05T00:00:00.000Z,Cobar,9.7,23.1,0,4.8,10.4,S,22,ESE,SSE,7,13,41,18,1029.7,1025.9,1,2,16.4,22.6,No,No
2009-05-06T00:00:00.000Z,Cobar,5.9,23.9,0,4.6,10.6,SW,20,NE,S,9,9,45,25,1027.4,1023,1,3,16.2,22.5,No,No
2009-05-07T00:00:00.000Z,Cobar,7.9,23.5,0,4,10.4,SE,26,S,SE,9,9,45,25,1025.5,1022.7,1,1,14.8,22.6,No,No
2009-05-08T00:00:00.000Z,Cobar,7.5,21.7,0,4,10.5,SSW,24,S,SSW,9,13,65,27,1027.7,1024.3,0,0,12.6,21,No,No
2009-05-09T00:00:00.000Z,Cobar,6.2,22.2,0,4,10.5,SSW,24,S,S,4,11,55,27,1025.1,1020.7,0,0,12.9,21.5,No,No
2009-05-10T00:00:00.000Z,Cobar,7.7,23.2,0,3.4,10.4,SW,22,SE,ESE,6,9,45,25,1022.2,1019.1,0,0,15.2,22.7,No,No
2009-05-11T00:00:00.000Z,Cobar,10.4,23.4,0,4.2,9.3,ENE,30,ENE,ENE,17,9,52,27,1022.6,1019.2,0,4,15.1,23.1,No,No
2009-05-12T00:00:00.000Z,Cobar,9.7,23.2,0,4,8.7,S,24,NE,SW,13,9,42,29,1021.5,1018,0,4,16.3,21.6,No,No
2009-05-13T00:00:00.000Z,Cobar,9,21.2,0,3.4,10.2,WSW,33,E,WSW,2,20,45,30,1019.1,1016.4,1,4,15.6,19.7,No,No
2009-05-14T00:00:00.000Z,Cobar,5.4,20.4,0,4.6,10,WSW,31,SW,WSW,6,15,51,35,1019.4,1016.6,0,3,13.4,19.2,No,No
2009-05-15T00:00:00.000Z,Cobar,7.5,21.2,0,3.4,10.4,WSW,37,W,W,9,19,50,32,1019.6,1016.6,1,1,15.3,20.2,No,No
2009-05-16T00:00:00.000Z,Cobar,8.8,20.6,0,4.4,7.6,SW,39,WSW,WSW,17,17,56,46,1018.1,1016.4,2,6,15.5,19.9,No,No
2009-05-17T00:00:00.000Z,Cobar,7.8,19.4,0,3.6,6.9,S,31,S,S,7,17,64,35,1022.3,1018.5,7,6,12.3,18.5,No,No
2009-05-19T00:00:00.000Z,Cobar,12.8,14.7,7.6,4.6,0,NE,41,ENE,E,20,17,96,91,1018.7,1015.6,8,8,13.9,13.7,Yes,Yes
2009-05-20T00:00:00.000Z,Cobar,12.5,15.6,17.6,0,0,ESE,52,E,ESE,20,26,96,91,1016.1,1014.9,8,8,13.1,13.2,Yes,Yes
2009-05-21T00:00:00.000Z,Cobar,12.7,20,7.8,1.4,7.5,ESE,52,ESE,ESE,22,28,64,49,1018.2,1016.2,7,5,15.4,19.5,Yes,No
2009-05-22T00:00:00.000Z,Cobar,10.9,20.8,0.2,2.8,10.1,ESE,46,SE,ESE,11,20,64,49,1018.5,1015.4,1,3,14.8,20.4,No,No
2009-05-23T00:00:00.000Z,Cobar,12.6,22.9,0,4,10.2,E,44,E,ENE,24,19,68,50,1017.5,1015.7,2,4,16.8,22.4,No,No
2009-05-24T00:00:00.000Z,Cobar,13.2,22.9,0,4,9.9,ENE,44,ENE,ENE,24,19,66,49,1021.2,1019,2,2,16.9,22.6,No,No
2009-05-25T00:00:00.000Z,Cobar,13.5,21.5,0,4.6,6.3,NE,44,NE,NNE,24,17,67,50,1022.6,1019.1,6,5,15.4,20.8,No,No
2009-05-26T00:00:00.000Z,Cobar,13,21.3,1,3.8,2.8,NE,26,NNE,N,13,2,87,63,1020.8,1018.5,7,7,13.9,19.9,No,Yes
2009-05-27T00:00:00.000Z,Cobar,12.6,16.3,3.6,2.2,0.7,S,20,SSW,S,7,7,96,76,1021.5,1018.8,8,7,12.7,16.1,Yes,No
2009-05-28T00:00:00.000Z,Cobar,7.2,15.9,0,0.8,9.4,SSW,24,S,SSW,6,13,74,44,1023.1,1020.5,3,2,10.7,15.6,No,No
2009-05-29T00:00:00.000Z,Cobar,2.4,15.6,0,2.4,9.3,SW,28,SSW,WSW,6,11,82,45,1023.7,1021.8,2,4,7.8,15.3,No,No
2009-05-30T00:00:00.000Z,Cobar,6.8,17.7,0,2.2,9.7,ESE,37,ESE,ESE,17,15,74,52,1025.6,1023.6,0,4,11.7,16.9,No,No
2009-05-31T00:00:00.000Z,Cobar,10.7,15.6,0,2.6,0.6,E,43,E,ENE,19,13,76,63,1027.7,1025.2,8,8,11.6,14.8,No,Yes
2009-06-01T00:00:00.000Z,Cobar,11.3,13,10,1.8,0,ENE,43,ENE,ENE,24,20,95,95,1026.5,1023.8,8,8,11.4,11.9,Yes,Yes
2009-06-02T00:00:00.000Z,Cobar,11.1,13.9,12,0,0,ENE,30,ENE,ENE,15,13,97,97,1023.8,1021.6,8,8,12.6,13.6,Yes,Yes
2009-06-03T00:00:00.000Z,Cobar,12.3,17.8,13.6,0,5.1,N,19,NNE,NA,7,0,95,68,1022.3,1019.4,7,5,13,16.3,Yes,No
2009-06-04T00:00:00.000Z,Cobar,11.6,18.6,0.2,0.6,8.3,SW,26,SSE,WNW,6,6,97,40,1020.4,1017.1,7,4,12.2,17.5,No,No
2009-06-05T00:00:00.000Z,Cobar,6.9,17.6,0,2.2,9.3,SW,15,SSW,SW,7,11,86,40,1018.4,1015.5,3,3,10.9,16.6,No,No
2009-06-06T00:00:00.000Z,Cobar,6.9,16.7,0,1.6,4.1,NE,28,NNE,WSW,17,9,72,92,1014.4,1011.2,5,7,11.5,11.9,No,Yes
2009-06-07T00:00:00.000Z,Cobar,6.5,14.5,3.4,1.2,3.9,W,28,WNW,WNW,13,17,79,70,1011.3,1010.4,2,7,10.2,13.8,Yes,No
2009-06-08T00:00:00.000Z,Cobar,8.8,15.8,0,1,8.3,WSW,31,WSW,WSW,17,22,78,55,1014.9,1013.5,1,8,11.5,14,No,No
2009-06-09T00:00:00.000Z,Cobar,5.5,14.3,0.8,2.8,6.2,W,46,W,W,13,24,84,57,1017.4,1015.1,1,7,8.8,12.9,No,No
2009-06-11T00:00:00.000Z,Cobar,0.2,12.1,0,2.8,9.6,SSW,31,SW,SW,4,11,79,46,1026.6,1024.1,0,1,5.6,11.6,No,No
2009-06-12T00:00:00.000Z,Cobar,1.9,12.8,0,1.2,6.8,NE,26,E,NNW,11,7,73,50,1025.4,1021.3,3,7,6.9,12.1,No,No
2009-06-13T00:00:00.000Z,Cobar,6.1,18,0,1.4,7.8,NNE,35,NNE,NNW,17,15,68,32,1017.6,1012.6,6,2,8.3,16.9,No,No
2009-06-14T00:00:00.000Z,Cobar,8.3,19,0.2,3.8,8.6,W,46,NNE,W,13,22,61,26,1012.1,1009.7,6,2,10.8,17.7,No,No
2009-06-15T00:00:00.000Z,Cobar,4.7,14.9,0,3.4,2.7,NW,24,N,NW,9,13,68,60,1013,1011.6,6,7,7.9,14.1,No,No
2009-06-16T00:00:00.000Z,Cobar,7.9,17.1,0.6,0.6,8.7,S,20,SSE,SSE,9,9,91,39,1021,1020.3,5,2,9.9,16.6,No,No
2009-06-17T00:00:00.000Z,Cobar,5.2,17.8,0,2.4,8.2,ENE,26,E,ESE,15,9,73,42,1026.2,1024.3,0,6,10.6,17.6,No,No
2009-06-18T00:00:00.000Z,Cobar,6.5,17.5,0,2,9.7,E,28,ESE,SSE,17,7,78,47,1027.3,1024.6,1,2,10.2,17.2,No,No
2009-06-19T00:00:00.000Z,Cobar,6.7,17.3,0,2.2,8,ESE,22,ESE,ESE,13,9,83,51,1026.2,1023.1,2,6,10.2,17.1,No,No
2009-06-20T00:00:00.000Z,Cobar,8.5,18.4,0,2.4,7.5,NE,33,ENE,NNE,19,15,76,42,1023.2,1018.5,6,7,12.2,18.4,No,No
2009-06-21T00:00:00.000Z,Cobar,11.7,20.1,0,2,3.1,NE,31,NE,NE,17,15,78,55,1019.6,1016.6,7,6,13.6,18.9,No,Yes
2009-06-22T00:00:00.000Z,Cobar,9.5,20.9,2,1.8,9.9,ENE,22,ENE,W,7,7,86,44,1018.8,1017.2,1,1,13.2,20.1,Yes,No
2009-06-23T00:00:00.000Z,Cobar,7.4,22.3,0.2,2.2,9.4,N,33,NE,N,19,17,84,32,1018.7,1015.2,5,5,12.1,21.8,No,No
2009-06-24T00:00:00.000Z,Cobar,6.5,16.7,0,3.2,9.8,W,33,NW,W,7,15,48,38,1016.3,1014.2,1,1,11.3,16.4,No,No
2009-06-25T00:00:00.000Z,Cobar,7.2,16.6,0,2.6,1.8,NNW,19,NNE,NW,6,4,73,51,1016.3,1013.1,7,6,9.4,15.5,No,No
2009-06-26T00:00:00.000Z,Cobar,7.8,12.2,0.2,2.2,0.1,NNE,28,NE,NNE,6,17,81,95,1010.3,1006.6,7,7,9.3,11.6,No,Yes
2009-06-27T00:00:00.000Z,Cobar,9.2,14.6,38.8,0.8,0.8,WNW,20,NNW,SSW,11,6,96,94,1006.7,1005.6,7,7,11,12.3,Yes,Yes
2009-06-28T00:00:00.000Z,Cobar,9.5,16,6.4,0.6,3.4,WSW,26,WNW,WSW,9,11,90,62,1010,1009.3,7,5,11.3,15,Yes,No
2009-06-30T00:00:00.000Z,Cobar,9.8,20.7,0,2.4,3,N,54,NNE,N,13,28,65,43,1012.9,1007.2,7,7,14.1,18.9,No,No
2009-07-01T00:00:00.000Z,Cobar,8.7,17,0,4,9.6,W,39,WNW,W,13,19,52,25,1012.4,1011,0,0,12.6,16.7,No,No
2009-07-02T00:00:00.000Z,Cobar,4.3,16.5,0,3.4,8.7,W,41,WNW,W,7,20,59,50,1015.9,1013.5,1,5,10.4,14.9,No,No
2009-07-03T00:00:00.000Z,Cobar,8.5,14.3,0,2.8,5,WSW,48,WSW,SW,20,24,83,49,1016,1015.5,7,5,10,12.6,No,No
2009-07-04T00:00:00.000Z,Cobar,7.1,13.5,0,2.6,5.7,SW,33,SW,WSW,17,15,85,70,1021.3,1020.2,6,7,9.9,12.4,No,No
2009-07-05T00:00:00.000Z,Cobar,8.3,14.7,0,2.4,7.4,SSW,24,SSW,SSW,13,7,79,55,1021.8,1019.7,7,6,10.6,14,No,No
2009-07-06T00:00:00.000Z,Cobar,4.4,12.8,0,2.2,6.1,S,22,S,S,6,7,77,50,1022.5,1019.5,7,4,7.1,12.4,No,No
2009-07-07T00:00:00.000Z,Cobar,1.7,14.6,0,1,9.8,ESE,20,S,S,6,11,85,40,1022.1,1020.1,2,1,5.7,14.5,No,No
2009-07-08T00:00:00.000Z,Cobar,5.3,16.6,0,2,9.6,NE,31,E,ENE,13,11,74,50,1025.1,1023.2,3,3,9.5,16.3,No,No
2009-07-09T00:00:00.000Z,Cobar,6.3,17,0,2.2,10,ENE,30,E,E,19,11,64,42,1027.8,1024.9,1,1,9.8,16.9,No,No
2009-07-10T00:00:00.000Z,Cobar,5.6,17.6,0,2.4,10,E,30,E,ENE,20,11,78,42,1025.2,1021.1,2,2,9.1,17.5,No,No
2009-07-11T00:00:00.000Z,Cobar,8.4,18.4,0,2.8,7,ENE,33,NE,N,15,17,65,42,1019.7,1015.2,4,3,10.9,17.9,No,No
2009-07-12T00:00:00.000Z,Cobar,10.5,19.5,0.2,3.4,2.9,NNE,28,NNW,WNW,9,7,59,56,1013.3,1011.5,7,8,12.7,16.8,No,No
2009-07-13T00:00:00.000Z,Cobar,7.7,15.6,0.2,1.2,5.5,WNW,28,NNW,W,6,15,95,46,1011.6,1009.7,7,7,9.8,14,No,No
2009-07-15T00:00:00.000Z,Cobar,6.3,12,5.8,2,2.5,SW,22,NNW,SW,6,11,98,92,1008.9,1009.3,8,7,8.1,9.6,Yes,Yes
2009-07-17T00:00:00.000Z,Cobar,1.9,13.7,0,1,7.1,SW,15,WSW,SW,4,4,79,55,1023,1021.4,4,7,7.3,12.9,No,No
2009-07-18T00:00:00.000Z,Cobar,3.2,15.3,0,0.8,8.9,WSW,24,NNE,NW,6,7,80,44,1023.5,1020,3,5,8.7,14.8,No,No
2009-07-19T00:00:00.000Z,Cobar,3.7,17.6,0,2.2,10.3,NW,24,N,NW,11,7,60,39,1023.7,1021.7,1,0,10.2,17.4,No,No
2009-07-21T00:00:00.000Z,Cobar,8.2,22.7,0,3.8,9.1,NNW,31,N,N,15,17,48,38,1019.8,1015.2,7,6,12.7,21.8,No,No
2009-07-22T00:00:00.000Z,Cobar,12.2,17.4,0,4.2,1.7,NW,43,N,NW,13,11,61,90,1012,1010.2,6,8,16.5,14.8,No,Yes
2009-07-23T00:00:00.000Z,Cobar,5.1,13,2.4,1.6,8.1,WSW,33,WSW,SW,11,20,74,49,1019.1,1020.3,1,3,9.2,12.6,Yes,No
2009-07-24T00:00:00.000Z,Cobar,1.2,15.5,0,1.6,10.3,ESE,20,E,ENE,7,4,75,38,1027,1024.7,0,1,8,14.8,No,No
2009-07-25T00:00:00.000Z,Cobar,3.4,17.1,0,1.8,9.5,NNW,33,NE,NNE,13,13,66,40,1025.3,1021,1,2,9.8,16.4,No,No
2009-07-26T00:00:00.000Z,Cobar,8.9,12.2,0.8,2.4,1.2,N,24,NNE,S,7,11,91,77,1018.1,1013.5,8,7,9.1,11.4,No,Yes
2009-07-27T00:00:00.000Z,Cobar,4.6,11.4,1.8,0.6,1.4,SSW,30,WSW,SW,7,13,99,74,1022.6,1022.7,8,7,6,11.1,Yes,No
2009-07-28T00:00:00.000Z,Cobar,3.6,16.6,0,0.8,8.2,WNW,26,WNW,W,6,15,80,52,1027,1025.1,2,6,9.3,15.9,No,No
2009-07-29T00:00:00.000Z,Cobar,5.3,15.1,0,2.2,2.9,SSW,24,W,SW,4,11,72,56,1028.4,1027,1,7,11.6,14.6,No,No
2009-07-30T00:00:00.000Z,Cobar,4.9,15.8,0,1.6,5.5,S,20,SW,SW,6,9,90,55,1027.9,1024.6,3,7,10.2,14.2,No,No
2009-07-31T00:00:00.000Z,Cobar,9.3,17.2,0,1.4,6.2,WSW,26,W,SW,7,15,71,50,1025.4,1023.8,8,5,11.4,16.3,No,No
2009-08-01T00:00:00.000Z,Cobar,4.7,16.3,0,2.6,10.1,SE,20,S,SSW,6,9,73,48,1028.6,1026.2,0,2,11.1,15.7,No,No
2009-08-02T00:00:00.000Z,Cobar,5.2,17.6,0,2.2,10.1,SW,17,E,WSW,7,2,64,41,1029.4,1025.4,0,0,12.1,17.4,No,No
2009-08-05T00:00:00.000Z,Cobar,5.9,19.9,0,5,6.3,SW,20,NNW,WSW,4,11,64,31,1022.9,1020.7,5,2,11.4,18.9,No,No
2009-08-06T00:00:00.000Z,Cobar,8,20.5,0,2.4,9.9,NNW,26,NNE,NE,13,9,50,31,1023,1018.2,5,2,13.1,20.1,No,No
2009-08-07T00:00:00.000Z,Cobar,7.2,19.2,0,4.2,10.1,SW,44,NNW,SW,15,28,40,30,1018.1,1018.4,1,1,15,17.2,No,No
2009-08-08T00:00:00.000Z,Cobar,2.3,16.2,0,4.2,10.8,ESE,24,SSE,ESE,9,7,48,27,1025.2,1021.4,0,1,8.3,15.6,No,No
2009-08-09T00:00:00.000Z,Cobar,1.7,17.6,0,3.2,8.8,NNE,19,NE,NNE,9,6,55,26,1020.7,1016.5,7,7,7.7,16.2,No,No
2009-08-10T00:00:00.000Z,Cobar,6.2,21.4,0,2.4,9.8,NNE,43,E,N,7,13,48,16,1016.1,1012.2,7,7,10.7,20.1,No,No
2009-08-11T00:00:00.000Z,Cobar,8.4,19.1,0,5.4,5.8,NW,44,W,NW,15,20,55,29,1012.7,1011.1,1,1,12.8,18.2,No,No
2009-08-12T00:00:00.000Z,Cobar,7.5,19.3,0,4,9.8,SW,37,NNW,WNW,6,13,43,32,1014.6,1012.2,1,1,14.5,18.7,No,No
2009-08-13T00:00:00.000Z,Cobar,4.1,19,0,3.8,7.8,SW,28,ENE,WSW,2,13,53,38,1017.8,1016.1,0,7,14,17,No,No
2009-08-14T00:00:00.000Z,Cobar,6.5,20.3,0,2.4,10.7,SSE,17,ENE,W,6,6,46,32,1021.9,1018.8,0,1,15.5,20.1,No,No
2009-08-15T00:00:00.000Z,Cobar,7.4,22.8,0,3.6,10.6,NE,35,N,NNE,17,15,43,23,1020.8,1016.5,0,0,13.7,22.5,No,No
2009-08-16T00:00:00.000Z,Cobar,13.4,28,0,6.4,2.3,NW,57,NNE,NNW,26,22,25,22,1013.4,1008.8,7,6,17.6,26.5,No,No
2009-08-17T00:00:00.000Z,Cobar,7.8,18.2,0,6,10.8,SW,37,SSW,SW,15,22,47,28,1021.2,1021.8,0,1,13.1,17.3,No,No
2009-08-18T00:00:00.000Z,Cobar,5.2,18.8,0,3.4,10.7,ESE,26,ENE,ESE,7,11,36,24,1029.4,1025.8,0,0,13.4,18.4,No,No
2009-08-19T00:00:00.000Z,Cobar,4.9,21.3,0,4,9.4,NNW,24,ENE,NNW,6,9,51,21,1026.9,1021.5,2,3,12.8,20.2,No,No
2009-08-20T00:00:00.000Z,Cobar,10,22.8,0,3.4,10,WSW,22,ENE,NW,2,11,37,28,1019.8,1015.3,6,1,16.6,21.9,No,No
2009-08-21T00:00:00.000Z,Cobar,10.5,27.6,0,4,4.4,WNW,61,N,WNW,20,28,37,16,1009.3,1004.8,6,8,18.7,25.6,No,No
2009-08-22T00:00:00.000Z,Cobar,11.9,19.9,0.4,6.2,2.2,N,30,NNE,NNW,13,15,68,56,1012.1,1010.6,7,8,14.7,18,No,No
2009-08-23T00:00:00.000Z,Cobar,14.1,28.9,0.2,2.2,7,WNW,37,NE,NW,13,17,69,29,1011.2,1007,7,5,17.2,28.5,No,No
2009-08-24T00:00:00.000Z,Cobar,15.4,23.2,0,4.2,3.9,WNW,57,NNE,NW,6,19,74,44,1010.5,1006.5,7,6,17.8,21.9,No,No
2009-08-25T00:00:00.000Z,Cobar,10.4,17.5,0,6,9.8,WSW,65,SW,WNW,20,13,42,32,1015.5,1013,4,4,12.2,16,No,No
2009-08-26T00:00:00.000Z,Cobar,6.2,18.8,0,4.2,11,W,22,SSE,W,9,13,51,30,1021.4,1018.4,0,0,12,18.1,No,No
2009-08-27T00:00:00.000Z,Cobar,5.2,23.3,0,3.4,11.1,NW,31,NNE,NW,13,17,34,15,1019.9,1015.4,0,4,15.5,22.5,No,No
2009-08-28T00:00:00.000Z,Cobar,6.5,23.7,0,4.8,5.7,ENE,24,NNE,N,11,13,32,19,1017.8,1013.4,3,7,16.6,23,No,No
2009-08-29T00:00:00.000Z,Cobar,15.4,26.7,0.4,5.2,1.4,WSW,48,N,W,19,26,40,20,1004.8,1005,7,7,20.7,25.7,No,No
2009-08-30T00:00:00.000Z,Cobar,9.3,16.3,0,7.8,11.3,WSW,54,SW,WSW,24,11,47,26,1020,1017.8,1,3,11.3,14.7,No,No
2009-08-31T00:00:00.000Z,Cobar,3.5,18.2,0,4,10.8,WNW,35,WSW,WSW,6,9,44,31,1023.5,1020,1,1,11.9,17.8,No,No
2009-09-01T00:00:00.000Z,Cobar,6.6,21.1,0,4.8,11,NE,22,SSE,W,4,6,47,28,1023.7,1020.2,0,2,15.2,20.4,No,No
2009-09-02T00:00:00.000Z,Cobar,7.4,22.9,0,3.8,11.2,E,39,ENE,ESE,13,9,40,21,1022.5,1017.5,0,0,15.8,22,No,No
2009-09-05T00:00:00.000Z,Cobar,6.1,19,8,6,11.4,SW,30,SSW,SSW,7,13,57,31,1019.7,1017.2,0,0,13,18.2,Yes,No
2009-09-06T00:00:00.000Z,Cobar,6.7,21.7,0,3.8,10.6,NE,39,NE,N,13,17,45,26,1017.3,1011.4,0,2,14.5,20.4,No,No
2009-09-07T00:00:00.000Z,Cobar,13.3,21,0,7.2,8.3,WSW,54,WSW,WSW,22,28,40,26,1006.6,1006.5,3,4,16.3,19.1,No,No
2009-09-08T00:00:00.000Z,Cobar,7.9,18.5,0,6.2,10.7,SW,41,WSW,SW,17,20,71,36,1013.9,1012.7,3,3,12.5,16.9,No,No
2009-09-09T00:00:00.000Z,Cobar,4.9,18.6,0,4.8,11.3,SW,35,SW,W,6,15,56,29,1017.2,1014.2,1,1,12.1,18.1,No,No
2009-09-11T00:00:00.000Z,Cobar,6.5,26,0,4.6,11.3,NNW,37,NNE,NW,15,13,30,15,1022.6,1018.8,0,0,17.1,25.6,No,No
2009-09-12T00:00:00.000Z,Cobar,12,30.1,0,7.6,11.2,NNW,44,N,NNW,22,20,18,6,1022.1,1018.6,0,0,21.8,29.1,No,No
2009-09-13T00:00:00.000Z,Cobar,14.5,32.7,0,10.8,11,NW,46,N,NW,19,20,17,7,1018.8,1015.8,0,0,22.9,32.2,No,No
2009-09-14T00:00:00.000Z,Cobar,13.8,24.6,0,10,10.9,SSE,33,SSE,S,15,11,34,21,1021.6,1018.1,0,0,16.6,23.8,No,No
2009-09-15T00:00:00.000Z,Cobar,8.1,24.2,0,6.4,10.6,SW,24,SSE,WSW,13,9,17,14,1020.9,1016.9,5,3,17.8,24.1,No,No
2009-09-16T00:00:00.000Z,Cobar,7.1,28.2,0,5.2,11.5,E,26,E,NW,15,9,20,6,1019.6,1015.5,0,0,18.5,27.8,No,No
2009-09-17T00:00:00.000Z,Cobar,15.7,31.3,0,6.2,3.5,NW,50,NNE,W,24,11,21,25,1013.4,1013.9,5,8,24.7,25.9,No,Yes
2009-09-18T00:00:00.000Z,Cobar,10.9,22.9,7,5.2,9.9,SW,24,SE,W,11,7,77,35,1022.6,1018.9,3,1,14.7,22.4,Yes,No
2009-09-19T00:00:00.000Z,Cobar,9.6,26.6,0,4,10.9,W,31,N,WSW,6,11,46,27,1019.4,1014.8,1,3,19.8,26,No,No
2009-09-20T00:00:00.000Z,Cobar,14.4,29.2,0,6,9.2,W,59,NNE,WNW,9,17,35,34,1015.4,1012.4,6,7,22.4,26.5,No,No
2009-09-21T00:00:00.000Z,Cobar,14.8,21.5,0.6,6.8,0.6,NNW,44,NE,NNE,11,24,51,94,1013.8,1007.9,7,8,18.4,17.3,No,No
2009-09-22T00:00:00.000Z,Cobar,15.1,29.6,1,2.2,3.1,WNW,83,NNE,NW,26,11,65,43,1003.9,998.3,7,7,20,26.9,No,No
2009-09-23T00:00:00.000Z,Cobar,9.6,18.7,0.4,9.2,1.9,WNW,74,W,WSW,26,30,78,45,1008.3,1011.2,7,6,11.4,17.7,No,No
2009-09-24T00:00:00.000Z,Cobar,7.1,21.7,0,4.2,11.2,W,33,S,WSW,9,17,52,26,1019.4,1015.2,0,1,14.8,21.1,No,No
2009-09-25T00:00:00.000Z,Cobar,8.8,27.5,0,6.2,10.5,NNW,65,N,NNW,17,37,29,12,1013.6,1005.8,0,2,19.8,26.8,No,No
2009-09-26T00:00:00.000Z,Cobar,8.7,17.7,0,13,9.7,WSW,63,WSW,W,30,31,38,24,1013.4,1011.4,1,5,11.4,16.3,No,No
2009-09-27T00:00:00.000Z,Cobar,6.9,16.8,0,8.2,11.7,SW,50,SW,WSW,28,31,45,23,1018.5,1014.8,2,1,11.3,15.6,No,No
2009-09-28T00:00:00.000Z,Cobar,7.7,19.3,0,7,11.6,WSW,39,S,WSW,13,13,41,22,1016.9,1012.8,1,0,11,18.2,No,No
2009-09-29T00:00:00.000Z,Cobar,5.9,22.1,0,5.8,11.5,W,28,SE,SW,6,9,36,16,1017.2,1013,1,3,15,21.2,No,No
2009-09-30T00:00:00.000Z,Cobar,7.4,27.6,0,5.8,11.9,N,35,NNE,NNW,17,20,15,6,1018,1013.1,1,0,20.6,26.7,No,No
2009-10-01T00:00:00.000Z,Cobar,14.7,34.9,0,10,11.4,NNW,43,NNE,NW,17,22,9,1,1013.3,1007.9,0,0,25,33.8,No,No
2009-10-02T00:00:00.000Z,Cobar,16.6,33.4,0,11,9.2,WNW,72,NNW,WNW,15,43,24,10,1006.8,1002.1,7,2,24.6,31,No,No
2009-10-03T00:00:00.000Z,Cobar,11.6,17.7,0,10.6,3.7,SW,44,SW,SW,17,13,59,32,1014.2,1013.3,7,6,12.7,17.2,No,No
2009-10-04T00:00:00.000Z,Cobar,8.2,20.8,0,4,7.7,SW,30,S,SW,9,11,55,36,1017.8,1016.1,6,5,14.4,18.7,No,No
2009-10-05T00:00:00.000Z,Cobar,11.2,24.1,0,3.8,11.7,SW,33,SSW,SW,13,15,54,28,1020.3,1018.6,1,3,16.2,21.9,No,No
2009-10-06T00:00:00.000Z,Cobar,8,22.4,0,7.6,12,SW,41,S,SW,7,20,44,23,1021.6,1018.2,1,4,15.1,21.1,No,No
2009-10-07T00:00:00.000Z,Cobar,5.4,18.1,0,8.4,12,SW,44,SSW,SW,19,20,51,26,1020.6,1019.3,0,2,9.7,17.1,No,No
2009-10-08T00:00:00.000Z,Cobar,4,19.6,0,7.4,12.1,S,31,S,SSE,11,9,42,17,1023.3,1020.9,0,0,10.3,18.7,No,No
2009-10-09T00:00:00.000Z,Cobar,6.1,22,0,5.6,11.9,SE,30,E,ESE,17,9,34,16,1024.2,1021.6,0,1,13.6,21.1,No,No
2009-10-10T00:00:00.000Z,Cobar,9.7,24.4,0,6.8,7.9,E,41,ENE,NW,24,7,45,16,1024.4,1020.5,1,7,14.3,22.1,No,No
2009-10-11T00:00:00.000Z,Cobar,10.3,27.7,0,6.6,10.5,NW,48,NE,NNW,17,9,39,13,1019.2,1014.1,1,1,17.3,25.7,No,No
2009-10-12T00:00:00.000Z,Cobar,16.3,29.1,0,8.4,0.9,W,76,NNE,WSW,24,35,50,73,1008,1007.1,7,7,19,16.8,No,No
2009-10-13T00:00:00.000Z,Cobar,9.1,23.8,0.6,4.6,10.1,WSW,69,WNW,NW,15,35,33,19,1007.6,1003.3,0,4,16.6,22.4,No,No
2009-10-14T00:00:00.000Z,Cobar,12.4,21.5,0,10.4,11.2,WSW,54,W,W,24,22,47,28,1008.7,1008.8,2,4,14.7,20.8,No,No
2009-10-15T00:00:00.000Z,Cobar,9.5,21.6,0,7.6,9.2,WSW,50,SW,WSW,19,26,38,29,1013.6,1011.7,7,7,16,19.7,No,No
2009-10-16T00:00:00.000Z,Cobar,6.7,19.5,0,7.2,12.6,SW,44,SSW,SW,19,22,46,22,1019.9,1018.6,1,2,11.6,18.9,No,No
2009-10-17T00:00:00.000Z,Cobar,7.8,22.1,0,7.6,9.6,SSE,31,S,S,7,15,46,30,1023.4,1021.4,0,5,14.4,20.3,No,No
2009-10-18T00:00:00.000Z,Cobar,8.5,24.8,0,6,12.5,SW,35,SSE,SW,7,7,40,20,1026.4,1023.8,0,0,16.3,24.2,No,No
2009-10-19T00:00:00.000Z,Cobar,9.9,28.6,0,7,12.9,NW,30,ESE,SSW,13,9,27,13,1026.3,1022.6,0,0,19.4,27.3,No,No
2009-10-20T00:00:00.000Z,Cobar,13.9,32.6,0,7.6,12.7,NW,39,NNE,SW,13,13,15,11,1022.6,1018.8,0,0,23.5,31.6,No,No
2009-10-21T00:00:00.000Z,Cobar,15.4,36,0,9.6,12.3,NW,33,NE,NNW,11,17,12,7,1020.1,1017.4,1,6,27.2,34.5,No,No
2009-10-22T00:00:00.000Z,Cobar,17.1,36.7,0,11.4,9.8,WSW,48,SSE,SW,6,11,13,5,1018.5,1016.7,3,5,27.6,36,No,No
2009-10-23T00:00:00.000Z,Cobar,17.5,35.1,0,11.2,11,SSW,43,ESE,SSW,13,6,19,13,1019,1016.7,3,3,28,33.2,No,No
2009-10-26T00:00:00.000Z,Cobar,9.8,16.1,6,6.8,0.1,SE,57,S,ESE,11,28,95,94,1015.9,1014,8,8,12,15,Yes,Yes
2009-10-27T00:00:00.000Z,Cobar,11.7,23.7,25.6,4,5.9,SE,46,E,E,24,24,75,55,1020.4,1018.4,7,7,15.5,22.2,Yes,No
2009-10-28T00:00:00.000Z,Cobar,15.3,26.1,0.2,3.6,8,ENE,35,ENE,NNE,20,7,73,57,1021.9,1019.4,7,6,18.6,24.1,No,No
2009-10-29T00:00:00.000Z,Cobar,16.4,31.2,0.2,4.4,8.2,N,44,ENE,NNE,17,19,64,30,1020.4,1017.7,5,5,21.6,30.4,No,No
2009-10-30T00:00:00.000Z,Cobar,17.9,30.7,0,8.6,11.8,SE,33,NE,NNW,15,7,61,32,1021.4,1019,1,7,22.5,29.7,No,No
2009-10-31T00:00:00.000Z,Cobar,19.6,33.4,0,8.8,11.8,E,31,NNE,W,13,4,46,24,1021.7,1018.6,2,3,25.3,32.2,No,No
2009-11-01T00:00:00.000Z,Cobar,21.2,35,0,10,12.8,NE,26,NNE,S,13,6,39,24,1021.5,1018.3,1,3,26.6,33.3,No,No
2009-11-02T00:00:00.000Z,Cobar,21.9,37.5,0,10.4,12.7,NNW,28,NW,NNW,15,15,29,17,1019.6,1015.7,2,3,29.6,36.3,No,No
2009-11-03T00:00:00.000Z,Cobar,21.3,38.3,0,12.6,11.3,SW,56,NW,WNW,20,24,18,10,1013.8,1010.3,6,7,31.2,37.4,No,No
2009-11-04T00:00:00.000Z,Cobar,16.7,28.3,0,14.6,10.6,SW,30,S,SSW,11,17,48,20,1017.8,1015.8,7,3,18.5,26.5,No,No
2009-11-05T00:00:00.000Z,Cobar,14.3,27.3,0,10.4,13.1,SSE,30,SE,WSW,15,11,27,16,1019.1,1016.3,1,1,19.9,26.3,No,No
2009-11-06T00:00:00.000Z,Cobar,14.9,31.3,0,8.6,12.7,E,44,E,SW,17,9,55,20,1020,1017.5,0,2,21.7,30.3,No,No
2009-11-07T00:00:00.000Z,Cobar,16.6,29.2,0,10.6,11.5,ENE,41,E,E,20,17,53,33,1024.1,1021.6,1,4,21.4,27.6,No,No
2009-11-08T00:00:00.000Z,Cobar,18,31.8,0,10.2,12.6,ENE,43,ENE,NE,24,15,55,27,1024.9,1021.7,1,4,22.6,30.9,No,No
2009-11-09T00:00:00.000Z,Cobar,20,32.7,0,10.6,11.7,ENE,35,NE,ESE,20,13,44,23,1023,1018.9,1,2,24.6,30.9,No,No
2009-11-10T00:00:00.000Z,Cobar,18.9,34.1,0,9.6,13.7,SSE,43,N,SSW,15,11,46,20,1020.5,1017.1,0,2,24.1,32.9,No,No
2009-11-11T00:00:00.000Z,Cobar,19.8,36.5,0,10.2,12.8,NW,30,NW,WSW,20,6,22,15,1020.9,1017.9,0,1,27.8,34.5,No,No
2009-11-12T00:00:00.000Z,Cobar,21.7,40.4,0,11.8,10.3,WSW,72,SW,SW,9,11,20,10,1018.8,1014.4,1,2,31.5,39.1,No,No
2009-11-13T00:00:00.000Z,Cobar,21.9,37.4,0,13.8,13.1,S,37,SSE,SSW,11,17,21,7,1014.7,1011,1,1,30,37.2,No,No
2009-11-14T00:00:00.000Z,Cobar,20.2,36.4,0,14.2,13.2,E,37,NE,E,15,9,43,16,1013.6,1009.7,1,1,25.2,35.2,No,No
2009-11-15T00:00:00.000Z,Cobar,22.5,39.8,0,10.6,11.4,SSW,33,NNW,SSE,13,9,16,8,1010.7,1007.9,1,1,32.1,38,No,No
2009-11-16T00:00:00.000Z,Cobar,25.3,41.7,0,12.4,7.7,SW,46,NE,WNW,15,6,12,8,1008,1003.8,1,7,34.3,39.2,No,No
2009-11-17T00:00:00.000Z,Cobar,23.6,38.2,0,16.8,12.1,SW,43,SSE,SW,11,20,16,9,1006.8,1004.6,1,1,28.8,36.8,No,No
2009-11-18T00:00:00.000Z,Cobar,21,41.8,0,14.8,12.7,WNW,31,NE,WNW,17,11,24,8,1008.4,1005.2,1,1,27.3,39.9,No,No
2009-11-19T00:00:00.000Z,Cobar,27.4,43.9,0,13.8,8.5,WSW,44,NNW,W,9,20,16,6,1009.6,1006,7,5,31.1,43.4,No,No
2009-11-20T00:00:00.000Z,Cobar,28.8,45.4,0,17,8.8,N,56,N,N,15,15,13,6,1008.2,1004.4,1,6,37.3,43.3,No,No
2009-11-21T00:00:00.000Z,Cobar,27.3,39.7,0,20.2,9.7,S,39,SSE,NNE,13,9,32,19,1009.6,1004.6,2,1,30.2,37.5,No,No
2009-11-22T00:00:00.000Z,Cobar,26.1,33.1,0,12,2.9,WNW,57,WNW,WNW,22,17,42,51,1006.1,1008.2,8,7,28.6,27.4,No,No
2009-11-23T00:00:00.000Z,Cobar,17.6,19.6,0.2,10,0.2,SSE,43,SE,SSE,9,13,64,79,1018.3,1018.5,8,8,18.3,14.8,No,Yes
2009-11-24T00:00:00.000Z,Cobar,13.8,33.8,7,1.8,6.1,ESE,35,SE,ENE,19,11,70,36,1018.2,1015.2,7,7,19.6,32.3,Yes,No
2009-11-25T00:00:00.000Z,Cobar,19.4,36.7,0,6.4,12,E,54,NE,NE,26,19,44,22,1017.4,1013,1,6,27.5,34.8,No,No
2009-11-26T00:00:00.000Z,Cobar,21.4,28.1,0.6,12.6,4.6,SW,44,SSW,W,7,17,73,65,1011.5,1011.3,7,7,24,23.7,No,Yes
2009-11-27T00:00:00.000Z,Cobar,15.4,33,2,4.8,12.6,NNW,41,NW,W,6,20,41,24,1012.5,1009.4,0,1,24.8,30.6,Yes,No
2009-11-28T00:00:00.000Z,Cobar,19.8,32.2,0,11.6,11.1,WNW,52,SSW,WNW,17,19,35,12,1009.3,1005.2,0,1,21.6,30.1,No,No
2009-11-29T00:00:00.000Z,Cobar,18.5,26.2,0,15.6,12,W,57,WSW,W,30,24,42,25,1006.2,1005.4,3,1,20,24.5,No,No
2009-11-30T00:00:00.000Z,Cobar,15.4,27.3,0,10.8,10.9,SW,37,SSW,WSW,11,19,43,25,1010.3,1008.1,1,7,20.7,25.6,No,No
2009-12-01T00:00:00.000Z,Cobar,14,28,0,8.8,12.4,S,37,ESE,SSE,20,15,50,19,1013.6,1012.5,1,2,19.1,26.8,No,No
2009-12-02T00:00:00.000Z,Cobar,15.3,29.8,0,10,12.5,E,37,ENE,SE,20,9,37,11,1019.1,1016.6,0,1,20.2,28.4,No,No
2009-12-03T00:00:00.000Z,Cobar,17.1,34,0,12,11.8,ENE,33,NE,E,20,9,28,9,1019,1015.4,0,1,23.7,31.5,No,No
2009-12-04T00:00:00.000Z,Cobar,17.5,35.8,0,11,12.4,W,41,SE,W,7,19,33,7,1015.8,1013.1,0,1,25,35,No,No
2009-12-05T00:00:00.000Z,Cobar,15.5,32.7,0,14.6,12.4,WSW,35,SE,S,13,13,6,4,1015.5,1013.1,1,1,24.6,30.7,No,No
2009-12-06T00:00:00.000Z,Cobar,17.5,33.5,0,13.6,12.5,WSW,39,SSE,NW,9,9,24,13,1014.8,1012,1,1,24.6,30.7,No,No
2009-12-07T00:00:00.000Z,Cobar,19.8,37.5,0,10.8,12.5,WNW,37,ESE,NW,7,13,16,7,1012.6,1009.1,1,2,29.1,36.2,No,No
2009-12-08T00:00:00.000Z,Cobar,22.8,39.9,0,14,8.2,SW,74,NE,W,17,28,10,5,1006.6,1002.6,1,7,31.5,38.2,No,No
2009-12-09T00:00:00.000Z,Cobar,13.3,31.3,0,13.8,12.5,SSW,24,ESE,SW,9,9,49,15,1011.6,1008.7,1,1,19,28.4,No,No
2009-12-10T00:00:00.000Z,Cobar,18.9,35,0,10.4,4,WSW,54,NNE,W,15,28,14,13,1008.6,1007.1,6,8,26.7,32.1,No,No
2009-12-12T00:00:00.000Z,Cobar,13.4,31.9,0,8.2,12.2,SSW,33,SSE,SSW,13,13,22,9,1019.1,1015.5,2,1,21.1,29.7,No,No
2009-12-13T00:00:00.000Z,Cobar,18.4,33.9,0,11.8,12.4,SSW,37,SSE,SSW,13,19,30,14,1017.3,1014.4,1,1,24.1,31.7,No,No
2009-12-14T00:00:00.000Z,Cobar,18.9,35.9,0,12.8,12.4,WSW,39,ESE,SSW,15,11,23,11,1016.5,1014,1,1,27.1,34.5,No,No
2009-12-15T00:00:00.000Z,Cobar,19.8,38.8,0,12.4,12.6,SW,54,E,W,11,6,42,9,1017.1,1013.9,0,1,27.2,36.9,No,No
2009-12-16T00:00:00.000Z,Cobar,22.8,41.9,0,13.4,12.7,NW,44,ENE,N,20,15,24,6,1014.9,1011.7,1,3,31.2,40.8,No,No
2009-12-17T00:00:00.000Z,Cobar,26.5,41.8,0,15.2,11.1,NNW,67,NW,NW,31,22,20,14,1013,1009.3,1,5,34.4,38.5,No,Yes
2009-12-18T00:00:00.000Z,Cobar,18.7,24.8,1.6,15.2,2.4,S,41,SW,SSW,11,13,96,71,1015.6,1016,8,7,18.8,19.9,Yes,No
2009-12-19T00:00:00.000Z,Cobar,14.3,30.9,0.2,4,12.5,WSW,31,SSE,WSW,11,9,25,15,1017.8,1014.9,1,0,22.5,29.1,No,No
2009-12-20T00:00:00.000Z,Cobar,17.6,34.2,0,10.6,11.7,WSW,35,E,S,13,9,24,13,1016.5,1013,1,3,25.6,33.2,No,No
2009-12-21T00:00:00.000Z,Cobar,19.2,37.6,0,11.6,12.4,NW,31,ENE,NNW,11,13,22,12,1012.9,1008.9,3,3,27.2,35.5,No,No
2009-12-22T00:00:00.000Z,Cobar,22.6,38.4,0,11.4,12.9,NE,41,NE,NW,22,9,39,13,1009.9,1007.4,1,4,27.7,36.7,No,No
2009-12-23T00:00:00.000Z,Cobar,21.9,39.7,0,12.8,12,NNE,39,N,NE,17,17,44,20,1011.7,1008.8,1,3,29.5,37.6,No,No
2009-12-24T00:00:00.000Z,Cobar,27.3,39.6,0,17.2,5.1,SSW,57,NNE,N,31,22,36,25,1008.5,1004.5,7,7,31.3,38.7,No,Yes
2009-12-25T00:00:00.000Z,Cobar,19.4,24.7,17.2,14.2,0,S,33,E,SE,7,7,97,84,1007.7,1006.9,8,8,20.4,23.1,Yes,Yes
2009-12-26T00:00:00.000Z,Cobar,20.3,25.4,7.2,12.4,3.4,E,31,S,SSE,13,15,69,73,1010.7,1009.7,7,7,21.5,24.4,Yes,Yes
2009-12-27T00:00:00.000Z,Cobar,18.6,29.7,6.6,3.8,5.2,SSW,33,E,SSW,11,9,93,71,1011.9,1009.4,8,7,22,28.1,Yes,No
2009-12-28T00:00:00.000Z,Cobar,21.9,32.2,0,3.4,8.1,SE,39,SE,SSW,13,17,89,54,1012.8,1011.2,8,5,23.3,29.7,No,No
2009-12-29T00:00:00.000Z,Cobar,21.9,33.6,0,7.8,12.9,ESE,41,ESE,SE,13,24,69,39,1016.7,1014.7,1,3,25.1,32.3,No,No
2009-12-30T00:00:00.000Z,Cobar,22.3,32.3,0,12.2,11.2,ENE,43,E,ENE,19,20,52,42,1017.7,1014.6,5,7,24.8,30.8,No,No
2009-12-31T00:00:00.000Z,Cobar,21.5,27.2,0,10.6,0.5,NE,46,ENE,NE,22,26,71,50,1014.7,1012.6,7,7,23.5,26.6,No,Yes
2010-01-01T00:00:00.000Z,Cobar,19.3,26.4,1.6,4,2.2,NE,30,NNE,NNE,13,19,96,86,1011.1,1008.9,8,8,21.3,23.8,Yes,Yes
2010-01-02T00:00:00.000Z,Cobar,21,33.4,3,2.2,9.5,SSW,44,WNW,S,7,19,81,46,1008.2,1007.1,6,6,24,31.3,Yes,No
2010-01-03T00:00:00.000Z,Cobar,18.1,29.8,0,11.4,12.7,SSW,37,SSE,SSW,19,13,40,16,1015,1013,1,1,20.7,28.1,No,No
2010-01-04T00:00:00.000Z,Cobar,16.6,35,0,11,13.1,ENE,26,ENE,ENE,11,6,58,13,1015,1012,0,2,23.1,33.3,No,No
2010-01-05T00:00:00.000Z,Cobar,22.9,34.7,0,10,7.4,SW,85,NNE,SW,24,31,58,84,1014.3,1013.8,2,7,28.2,21.6,No,Yes
2010-01-06T00:00:00.000Z,Cobar,19.5,33.7,6.4,6,9.8,SSW,28,SSW,SSE,6,7,68,32,1015.3,1012.3,5,7,25.9,32.9,Yes,No
2010-01-07T00:00:00.000Z,Cobar,22.7,35.7,0,8.8,11,SW,30,S,SW,7,7,26,15,1013.7,1010.8,6,5,25.6,34.9,No,No
2010-01-08T00:00:00.000Z,Cobar,21.9,36.4,0,10.8,13.6,NE,37,NE,ENE,22,15,51,27,1016,1013.3,1,3,27,34.9,No,No
2010-01-09T00:00:00.000Z,Cobar,23.3,37.2,0,12.6,11,N,33,NNE,NNE,17,7,46,26,1017.3,1015.2,0,3,28.9,34.8,No,No
2010-01-10T00:00:00.000Z,Cobar,23.8,39.7,0,10.8,12.5,E,30,WNW,NNE,13,11,41,18,1016.8,1013.5,1,2,30.7,37.7,No,No
2010-01-11T00:00:00.000Z,Cobar,24.8,41.6,0,12.6,11.6,NNE,37,W,N,4,13,33,14,1013.9,1010.3,1,1,33,41.4,No,No
2010-01-12T00:00:00.000Z,Cobar,24.5,42.4,0,15,12.3,NW,56,NNW,W,20,7,21,9,1011.2,1007.5,1,1,33.9,39.5,No,No
2010-01-13T00:00:00.000Z,Cobar,25.7,37.1,0,16.8,11.4,SSW,46,S,SW,13,24,38,27,1009.7,1009.4,1,4,30,34.7,No,No
2010-01-14T00:00:00.000Z,Cobar,20.5,34.8,0,14.2,11.9,SW,35,S,SW,11,19,36,22,1014.2,1011.7,4,1,22.5,32.8,No,No
2010-01-15T00:00:00.000Z,Cobar,20.6,39.4,0,12.8,10.3,NE,50,ENE,WSW,17,4,48,25,1013.4,1009.4,1,6,28.1,35.6,No,No
2010-01-16T00:00:00.000Z,Cobar,24.8,38.2,0.2,10.6,11.1,E,57,N,WNW,13,20,51,20,1010.2,1005.8,2,3,28.9,37.5,No,No
2010-01-17T00:00:00.000Z,Cobar,21.2,29,0,13,12,SW,43,SSW,SSW,20,17,42,13,1008.5,1007.1,1,1,21.9,28.4,No,No
2010-01-18T00:00:00.000Z,Cobar,15.6,24.6,0,15,12.4,SSW,46,SSW,SW,22,24,32,14,1010.5,1009.3,0,1,17.2,22.8,No,No
2010-01-19T00:00:00.000Z,Cobar,11.3,28.8,0,11.2,12.9,SSW,50,S,SSW,9,20,29,12,1012.9,1011.2,0,0,18.1,26.5,No,No
2010-01-20T00:00:00.000Z,Cobar,13.8,34.8,0,12.8,12.8,SW,28,S,WSW,6,9,18,6,1013.7,1010.6,0,0,23.2,32.9,No,No
2010-01-21T00:00:00.000Z,Cobar,20.2,40.3,0,11.2,13.2,W,30,NNE,NW,7,11,12,6,1011.7,1008.7,1,1,29.1,38.6,No,No
2010-01-22T00:00:00.000Z,Cobar,23.2,41.3,0,14.8,12.7,NNW,44,NNW,N,13,22,14,2,1010.4,1007.4,0,0,31.8,39.6,No,No
2010-01-23T00:00:00.000Z,Cobar,26.2,40.3,0,18.2,12.7,WSW,39,WNW,WSW,13,19,24,12,1009.2,1007.3,0,1,32.9,39.3,No,No
2010-01-24T00:00:00.000Z,Cobar,21.5,38.8,0,17.4,12.7,SW,33,SE,SSE,15,7,22,13,1010.8,1008.5,1,1,26.9,36.6,No,No
2010-01-25T00:00:00.000Z,Cobar,22.1,41.2,0,14.4,12.6,S,33,SSE,NW,13,17,9,8,1010,1007.3,1,6,29.5,40.2,No,No
2010-01-26T00:00:00.000Z,Cobar,24.2,41.3,0,14.6,12,SSW,33,ESE,W,11,9,11,6,1009.8,1006.7,1,1,31.5,40.4,No,No
2010-01-27T00:00:00.000Z,Cobar,27,41.8,0,13,11.8,SSW,44,NNE,SW,11,15,26,13,1009,1006.3,2,3,34.1,40.1,No,No
2010-01-28T00:00:00.000Z,Cobar,22.9,36.2,0,15,6.4,NE,39,ESE,SE,11,9,28,22,1007.5,1006.4,7,7,30.2,32.4,No,No
2010-01-29T00:00:00.000Z,Cobar,24,38,0,9.4,8.9,ESE,33,SE,S,9,7,33,18,1007.7,1006.9,4,3,27.9,35.6,No,No
2010-01-30T00:00:00.000Z,Cobar,24,37.4,0,11,12.2,E,46,E,ENE,24,24,43,19,1011.9,1009.2,1,2,27.1,35.6,No,No
2010-01-31T00:00:00.000Z,Cobar,24,34.1,0,15.8,8,E,43,ENE,ENE,24,9,45,29,1010.4,1007.5,5,7,26.5,33,No,No
2010-02-01T00:00:00.000Z,Cobar,23.8,32.1,0,11.6,5.5,E,39,E,ESE,15,17,64,32,1010.4,1008,7,7,25.2,31.8,No,No
2010-02-02T00:00:00.000Z,Cobar,23.1,33.3,0,10,4.5,E,54,ESE,E,26,31,48,20,1010.3,1007.1,7,5,23.6,31.3,No,No
2010-02-03T00:00:00.000Z,Cobar,22.7,29.9,0,13.2,0.8,E,56,E,NNW,24,24,59,87,1008,1005.9,7,8,24,22.2,No,Yes
2010-02-04T00:00:00.000Z,Cobar,19.2,29.6,36,4.6,2.3,N,57,NE,ENE,6,19,99,53,1006.9,1003.8,8,7,19.8,29.3,Yes,Yes
2010-02-05T00:00:00.000Z,Cobar,19.7,26.8,7.2,2.4,2.9,SSW,39,ENE,SSW,9,20,93,76,1006.3,1007.1,8,7,22,24.4,Yes,No
2010-02-06T00:00:00.000Z,Cobar,19.8,25.3,0,4.1,6.4,SSW,37,SSW,SSW,11,17,83,91,1012.1,1011.4,7,7,20.5,22.5,No,Yes
2010-02-08T00:00:00.000Z,Cobar,22.7,30.4,0,5,4.2,E,35,ENE,SSW,13,6,80,76,1018.1,1016.2,7,7,24.5,25.9,No,Yes
2010-02-09T00:00:00.000Z,Cobar,20.8,32.1,9.6,4.4,12.6,ENE,31,NE,NNE,20,7,77,48,1018.8,1017.3,1,3,24.1,31.1,Yes,No
2010-02-11T00:00:00.000Z,Cobar,23.4,35.7,0,8.6,12.6,N,24,N,NNW,9,9,52,34,1015.4,1012.1,1,5,28.5,33.1,No,No
2010-02-13T00:00:00.000Z,Cobar,20.1,23.6,22.4,5.6,0,NE,24,WNW,SSW,9,9,97,92,1010,1007.7,8,8,21.4,22.5,Yes,Yes
2010-02-14T00:00:00.000Z,Cobar,21.1,26.5,44,1.7,4,N,44,NNW,SSW,19,13,96,76,1002.8,1004.7,8,7,22.5,24.5,Yes,No
2010-02-15T00:00:00.000Z,Cobar,18,29.3,0.6,3,12.9,SSW,35,SW,SW,15,19,64,37,1009.6,1008.8,2,1,21.8,28.5,No,No
2010-02-16T00:00:00.000Z,Cobar,18,30.3,0,8,12.8,SSW,30,SSE,SSW,6,9,66,35,1012.2,1011.2,1,2,22.8,29,No,No
2010-02-17T00:00:00.000Z,Cobar,19.9,31.7,0,7.2,12.8,SSE,30,E,SE,13,11,69,33,1013.5,1012.9,0,1,23.3,30.6,No,No
2010-02-18T00:00:00.000Z,Cobar,19.3,30.7,0,7.8,12.7,ESE,39,E,ESE,17,15,65,38,1016.7,1016.2,0,1,22.8,29.6,No,No
2010-02-19T00:00:00.000Z,Cobar,17.5,30.7,0,10.4,12.4,E,41,ENE,ENE,19,9,54,39,1019.4,1017.1,1,3,20.7,28.7,No,No
2010-02-20T00:00:00.000Z,Cobar,20.6,32.5,0,7.6,12.2,NE,30,NE,N,19,7,61,32,1018,1014.8,2,3,23.3,31.1,No,No
2010-02-21T00:00:00.000Z,Cobar,20.9,34,0,8,12.4,N,31,NNW,WNW,9,6,51,25,1016.9,1014.2,1,2,25.8,33.1,No,No
2010-02-22T00:00:00.000Z,Cobar,22,35.3,0,17,8.9,N,37,W,NW,7,19,55,30,1015.8,1012.4,5,6,26.6,33.4,No,No
2010-02-23T00:00:00.000Z,Cobar,22.4,30.9,0,7.6,12.6,SW,35,S,S,19,13,41,30,1016.4,1015.3,1,1,22.8,29.9,No,No
2010-02-25T00:00:00.000Z,Cobar,19.3,33.8,0,9.4,12,ENE,37,E,ENE,20,13,64,34,1018.8,1017.4,1,4,22.5,32.5,No,No
2010-02-26T00:00:00.000Z,Cobar,20.6,32.3,0,10.8,10.4,ENE,48,ENE,E,20,13,55,35,1021.5,1018.6,1,3,22.6,31.8,No,No
2010-02-27T00:00:00.000Z,Cobar,18.7,32.5,0,9.6,12.1,NNE,30,NE,SE,17,6,52,27,1018.7,1016.1,6,7,24,31.3,No,No
2010-02-28T00:00:00.000Z,Cobar,21.6,31.6,0,7.4,0.1,S,28,ENE,SSE,7,4,48,30,1015.8,1013.2,8,8,24.8,31.1,No,No
2010-03-01T00:00:00.000Z,Cobar,19.4,27.4,0,4.4,1.1,E,48,SSE,ESE,15,9,51,48,1013.4,1010.6,8,8,19.5,25.9,No,No
2010-03-02T00:00:00.000Z,Cobar,17.9,26.8,0,6.6,8.5,ESE,50,ESE,ESE,26,20,58,30,1012.3,1010.6,7,6,18.5,26.2,No,No
2010-03-03T00:00:00.000Z,Cobar,15.8,30.4,0,8,6.3,E,39,ESE,E,22,20,59,30,1013.7,1010.5,1,5,19,29.4,No,Yes
2010-03-04T00:00:00.000Z,Cobar,18.4,22.5,2.6,7,1.8,NE,43,ENE,ENE,20,24,86,88,1009.8,1007.2,8,8,18.9,20.8,Yes,Yes
2010-03-05T00:00:00.000Z,Cobar,18,27.9,12.8,0.6,3.7,N,33,NE,N,19,17,86,66,1005.6,1004.4,7,7,22,26.3,Yes,Yes
2010-03-06T00:00:00.000Z,Cobar,20.7,30.5,2.4,2,7.9,NNE,22,NNE,ENE,2,9,93,52,1010.2,1008.5,7,3,22.4,29.6,Yes,No
2010-03-07T00:00:00.000Z,Cobar,19.1,29.4,0.6,4.8,5.1,NE,41,NE,NE,19,22,92,70,1009.1,1005.7,7,7,22.7,27,No,No
2010-03-08T00:00:00.000Z,Cobar,15.1,26.7,0,4.2,11.8,NW,44,NW,WNW,15,22,55,27,1011.5,1011.6,1,1,19.6,25.8,No,No
2010-03-09T00:00:00.000Z,Cobar,14,26.6,0,7,10.3,SW,35,SW,SSW,13,13,62,41,1017.7,1016.8,0,5,18.9,24.7,No,No
2010-03-10T00:00:00.000Z,Cobar,12.8,23.2,0,7.6,11.6,S,33,S,SSW,11,17,64,31,1023.4,1022.4,0,1,16,21.5,No,No
2010-03-11T00:00:00.000Z,Cobar,11,27.7,0,7.4,10.4,E,41,SE,E,13,17,61,41,1025.9,1024.6,1,5,16.6,26.9,No,No
2010-03-12T00:00:00.000Z,Cobar,16.1,28,0,6.4,9.9,E,46,E,E,20,11,59,33,1030.5,1028,6,3,17.6,26.7,No,No
2010-03-13T00:00:00.000Z,Cobar,16.3,28,0,7.6,10,ENE,43,ENE,ENE,20,9,60,37,1030.3,1027.2,1,6,19,25.8,No,No
2010-03-14T00:00:00.000Z,Cobar,15.8,28.5,0,7.6,5.8,ENE,35,ENE,NE,20,7,68,39,1026.9,1022.9,6,5,18.1,26.2,No,No
2010-03-15T00:00:00.000Z,Cobar,17.3,29.6,0,5.4,5.7,E,26,ENE,SSE,17,6,63,35,1023.4,1020.3,6,5,20.2,27.3,No,No
2010-03-16T00:00:00.000Z,Cobar,16.5,30.9,0,5.8,10.7,SE,28,E,E,7,6,48,25,1021.8,1019.1,1,5,23,30.3,No,No
2010-03-17T00:00:00.000Z,Cobar,17.7,30.9,0,7.2,11.4,E,30,ENE,ESE,17,13,50,21,1023.4,1021.5,1,1,21.6,30,No,No
2010-03-18T00:00:00.000Z,Cobar,16.8,33.2,0,7.6,11.4,ENE,26,E,NE,9,13,32,18,1024,1021,0,1,22.8,31.8,No,No
2010-03-19T00:00:00.000Z,Cobar,18.8,32.6,0,8.4,11.3,NNE,30,N,S,11,6,49,26,1021.4,1019.2,1,2,23.2,31,No,No
2010-03-20T00:00:00.000Z,Cobar,18.8,34,0,7.2,11.3,ENE,24,W,NNE,6,7,43,20,1021.2,1018.5,0,1,25.1,33.7,No,No
2010-03-21T00:00:00.000Z,Cobar,18.9,34.2,0,8,10.3,SSW,33,NNW,SSE,7,13,40,20,1019.7,1017.1,6,4,25.2,33.1,No,No
2010-03-22T00:00:00.000Z,Cobar,18.5,30.3,0,8.6,11.4,S,28,SE,S,13,13,43,18,1019.8,1017.5,1,1,21.8,28.8,No,No
2010-03-23T00:00:00.000Z,Cobar,12.8,30.3,0,8.4,11.3,S,30,S,SSW,9,13,44,13,1020.7,1018.9,0,0,17.5,29.5,No,No
2010-03-24T00:00:00.000Z,Cobar,13.1,32,0,8.4,11.4,S,31,SE,SE,7,7,37,15,1021.5,1018.1,0,1,19.1,30.7,No,No
2010-03-25T00:00:00.000Z,Cobar,16.4,34.2,0,7.8,11.4,SSW,22,E,SW,13,7,42,13,1019.7,1016.8,0,1,21.6,33,No,No
2010-03-26T00:00:00.000Z,Cobar,16.3,34.8,0,7.2,11.2,NW,33,N,W,7,7,39,14,1019.3,1016.3,1,2,22.5,33.8,No,No
2010-03-27T00:00:00.000Z,Cobar,17.7,34.4,0,8,7.9,NW,22,NE,WNW,7,7,38,20,1018.5,1015.7,6,7,24.2,33,No,No
2010-03-29T00:00:00.000Z,Cobar,23.3,32.4,0,8.4,2,SW,50,NW,N,9,7,51,33,1015.9,1014.2,7,8,25.4,29.9,No,Yes
2010-03-30T00:00:00.000Z,Cobar,18.8,25.8,8.4,5.4,5.1,S,28,ENE,SW,6,6,94,74,1018.3,1016.7,7,7,19.4,23.5,Yes,Yes
2010-03-31T00:00:00.000Z,Cobar,16.7,27.7,2.6,2.4,9.1,NE,22,SE,SE,4,6,86,43,1018.7,1015.8,2,6,19.9,26.7,Yes,No
2010-04-01T00:00:00.000Z,Cobar,16.1,28.6,0,2.8,10.8,SW,24,NE,WSW,2,11,66,31,1019.1,1017.1,1,5,20.5,27.7,No,No
2010-04-02T00:00:00.000Z,Cobar,12.2,29,0,5.2,11.3,SW,26,WNW,WSW,2,15,51,21,1019,1016,1,1,19,27.9,No,No
2010-04-03T00:00:00.000Z,Cobar,14.1,29.6,0,5.8,6.4,W,33,ENE,ESE,15,7,53,26,1018.6,1015.5,1,7,19.2,28.9,No,No
2010-04-04T00:00:00.000Z,Cobar,16.7,28.6,0,7.2,9.3,ENE,37,ENE,ESE,20,17,50,24,1018.9,1015.1,5,6,21.1,28.1,No,No
2010-04-05T00:00:00.000Z,Cobar,15,28.5,0,8.4,9.4,NE,35,ENE,ENE,19,20,51,24,1017.7,1013.5,1,3,19.9,28.2,No,Yes
2010-04-06T00:00:00.000Z,Cobar,17.1,20.9,12.4,8,0.4,NE,44,NE,NNE,15,17,98,95,1015.1,1013.8,7,8,17.9,18.3,Yes,Yes
2010-04-07T00:00:00.000Z,Cobar,17.7,28.1,10.2,0.2,4.5,NW,44,N,NW,17,15,89,66,1013.8,1012.1,7,7,20.7,28,Yes,Yes
2010-04-08T00:00:00.000Z,Cobar,17.5,25.5,6.4,2.2,6,WSW,30,SSW,SW,11,13,78,48,1018.5,1016.4,7,7,19.8,24.7,Yes,No
2010-04-09T00:00:00.000Z,Cobar,14.6,23.5,0,4.4,2.5,E,20,ENE,NW,9,6,67,56,1015.3,1011.6,7,8,19,22.7,No,No
2010-04-10T00:00:00.000Z,Cobar,17.1,26.2,0.6,2,8.4,WNW,30,NW,WNW,9,15,74,56,1012.2,1009.7,2,5,21.5,26.1,No,No
2010-04-11T00:00:00.000Z,Cobar,15.3,24.1,0,3.6,8.5,WSW,33,SW,SW,6,20,73,44,1014.3,1012.3,7,7,19.2,23.1,No,No
2010-04-14T00:00:00.000Z,Cobar,7.9,22.9,0,3.8,9.2,WSW,20,SSW,SSE,6,9,60,26,1022.9,1019.9,6,4,14.4,22.6,No,No
2010-04-15T00:00:00.000Z,Cobar,9.2,24.6,0,3.6,10.6,ESE,22,SE,SW,7,6,57,27,1021.8,1019,0,0,15.9,23.9,No,No
2010-04-16T00:00:00.000Z,Cobar,11.8,27.6,0,4.4,10,NE,30,ENE,NNE,13,6,40,29,1023.5,1020.4,1,3,20.1,26.6,No,No
2010-04-17T00:00:00.000Z,Cobar,14.7,27.4,0,5.8,11.3,ENE,31,ENE,N,19,2,51,31,1025.1,1021.9,2,3,19.7,26.3,No,No
2010-04-18T00:00:00.000Z,Cobar,15.6,27.8,0,5.2,9.5,NE,31,NE,NE,22,15,58,27,1023.9,1020.5,6,3,19.6,27.2,No,No
2010-04-19T00:00:00.000Z,Cobar,16.3,28.7,0,5.2,10.6,NNE,31,NE,NE,19,13,57,40,1023,1019.9,3,6,21.5,26.6,No,No
2010-04-20T00:00:00.000Z,Cobar,14.8,27.9,0,5,9.3,NNE,24,ENE,ENE,13,7,58,36,1022.5,1018.4,3,6,22.2,27,No,No
2010-04-21T00:00:00.000Z,Cobar,15.3,28.6,0,4.2,8.5,NE,26,NE,NE,17,9,61,32,1021.3,1018.2,4,6,21.1,27.9,No,No
2010-04-22T00:00:00.000Z,Cobar,16.2,30.2,0,5.4,9.5,W,59,NE,NNW,11,9,51,30,1022.3,1018.8,5,5,22.8,28.8,No,No
2010-04-23T00:00:00.000Z,Cobar,17.1,29.9,0,4.6,10.7,N,31,NNE,NNW,13,13,53,32,1021.3,1016.7,1,3,24,29.4,No,No
2010-04-24T00:00:00.000Z,Cobar,18,30.3,0,5.8,1.5,SW,46,NNW,WNW,20,20,49,30,1016.3,1011.8,7,7,23.7,29.3,No,Yes
2010-04-25T00:00:00.000Z,Cobar,14.1,20.1,8.4,4.6,8.3,SSW,39,SW,SW,11,17,92,44,1018.4,1019.1,6,3,15.3,19.3,Yes,No
2010-04-26T00:00:00.000Z,Cobar,7.6,20.8,0,4,9.3,SE,30,ESE,SE,9,7,57,30,1025.6,1021.5,0,1,15.7,19.8,No,No
2010-04-27T00:00:00.000Z,Cobar,9.6,20.5,0,2.8,3.9,N,17,ENE,WNW,6,7,70,34,1021.2,1018.7,8,5,13,19.4,No,No
2010-04-29T00:00:00.000Z,Cobar,8.8,22,0,3.6,10.3,SW,26,SE,SSW,4,13,55,35,1024.5,1021.9,0,1,17.2,21.7,No,No
2010-04-30T00:00:00.000Z,Cobar,9,21.1,0,3.6,9.9,SSE,24,SE,SSE,7,7,60,42,1026.5,1023.1,0,1,16.1,20.7,No,No
2010-05-01T00:00:00.000Z,Cobar,8.4,24.5,0,3.4,10.6,SW,19,E,SW,7,4,68,28,1026.3,1022.9,0,1,15.8,23.8,No,No
2010-05-02T00:00:00.000Z,Cobar,10.9,25.6,0,3.6,10.5,E,17,ENE,W,9,4,48,24,1025.8,1023,1,1,18.8,25,No,No
2010-05-03T00:00:00.000Z,Cobar,11.6,27.9,0,4,9.8,N,33,ENE,N,13,11,42,25,1024.5,1020.1,6,4,18.7,26.8,No,No
2010-05-04T00:00:00.000Z,Cobar,14.8,28.7,0,5.2,9.7,NNW,41,N,NNW,19,15,48,24,1019.9,1014.8,2,4,20.7,27.1,No,Yes
2010-05-05T00:00:00.000Z,Cobar,9.8,17.8,2.8,6,10.1,SW,44,SSW,SSW,20,19,57,32,1019,1018.5,1,0,13.1,16.9,Yes,No
2010-05-07T00:00:00.000Z,Cobar,8.1,20.1,0,3,10.5,SW,44,S,S,7,13,56,36,1024.7,1021.6,1,2,14.1,19.7,No,No
2010-05-08T00:00:00.000Z,Cobar,6.6,22.4,0,3.6,10.6,SW,44,S,S,6,13,57,34,1024,1020.4,0,1,14.7,21.7,No,No
2010-05-09T00:00:00.000Z,Cobar,8.8,23.9,0,3.2,10.5,SW,44,SE,SSE,6,6,60,31,1022.2,1018,1,1,16.7,23.4,No,No
2010-05-10T00:00:00.000Z,Cobar,8.6,25.5,0,3.2,10.4,WNW,30,NE,NNW,15,20,36,21,1019.4,1014.8,0,1,16.9,24.7,No,No
2010-05-11T00:00:00.000Z,Cobar,12.1,20.9,0,4.8,10.4,SW,37,WSW,SW,9,17,27,38,1015.6,1015.6,1,0,19.7,19.8,No,No
2010-05-13T00:00:00.000Z,Cobar,3,17.7,0,3,10.5,S,26,S,S,9,11,57,30,1024.9,1020.8,0,0,9.5,17.2,No,No
2010-05-14T00:00:00.000Z,Cobar,4.1,19.8,0,2.8,10.3,SW,26,S,SSW,6,11,59,36,1021.4,1017.1,0,1,11.3,19,No,No
2010-05-17T00:00:00.000Z,Cobar,12.5,21.6,0,2.4,3.3,SSW,24,SE,N,6,13,58,30,1018,1015.5,7,7,15.1,21.3,No,No
2010-05-18T00:00:00.000Z,Cobar,6.5,21,0,2.2,8.8,SSE,30,S,SSE,6,7,74,35,1019.3,1017.6,0,5,12.2,19.7,No,No
2010-05-19T00:00:00.000Z,Cobar,7.2,21,0,2.4,8,SE,20,ESE,SSE,6,6,46,26,1022.7,1020.3,1,1,14.9,20.6,No,No
2010-05-20T00:00:00.000Z,Cobar,10,19.7,0,3.6,1.8,E,17,E,SW,9,2,49,33,1021.5,1018.8,7,7,12.9,18.9,No,No
2010-05-21T00:00:00.000Z,Cobar,7.9,20.1,0,1.6,6.5,SW,30,SE,SSW,6,13,57,27,1020.9,1018,6,1,12.4,19.7,No,No
2010-05-22T00:00:00.000Z,Cobar,6.3,18.9,0,3.6,10,SSE,24,SSE,SSE,7,11,48,28,1021.6,1018.7,0,1,13.5,18.4,No,No
2010-05-23T00:00:00.000Z,Cobar,6.7,20.6,0,2.8,5.9,NNE,33,ENE,ENE,17,13,55,29,1020.8,1016.3,1,4,13,19.6,No,No
2010-05-24T00:00:00.000Z,Cobar,12.4,16.7,0.4,3.8,0.1,NNE,37,NE,ESE,13,11,58,96,1014.6,1010.9,7,8,14.7,12.6,No,Yes
2010-05-25T00:00:00.000Z,Cobar,12.2,20.4,9.2,0.4,2.6,WSW,50,N,NNE,7,11,99,84,1008.1,1002.4,8,8,14.4,17.3,Yes,Yes
2010-05-26T00:00:00.000Z,Cobar,10.7,18,4.8,1,3.8,SW,30,WSW,SW,17,11,93,74,1009,1009.3,8,7,13.3,15.8,Yes,No
2010-05-27T00:00:00.000Z,Cobar,10.3,20.7,0.2,1,7.8,E,22,S,E,6,9,89,55,1017.7,1015.6,1,5,12.4,19.1,No,No
2010-05-28T00:00:00.000Z,Cobar,12.1,18.6,0,2.4,1.5,NNE,31,NE,NE,11,17,84,57,1017.5,1012.2,7,7,14.3,17.6,No,Yes
2010-05-29T00:00:00.000Z,Cobar,11.7,15.3,3.6,2.6,1.4,NNE,48,NW,W,15,20,85,69,1007.7,1006.5,8,7,12.2,14.5,Yes,Yes
2010-05-31T00:00:00.000Z,Cobar,11,15.1,4,0.6,0.2,WSW,24,S,SSE,9,7,92,81,1013,1013.5,8,8,12.3,14.5,Yes,No
2010-06-01T00:00:00.000Z,Cobar,8.3,18.7,0.2,0.4,4.3,NE,19,ESE,NNE,9,6,91,66,1019.1,1016.9,6,7,11.8,16.9,No,Yes
2010-06-02T00:00:00.000Z,Cobar,11.7,16.1,1.8,0.6,0.5,SE,20,SE,SE,7,7,79,75,1019.2,1018.3,7,7,13.3,16,Yes,No
2010-06-03T00:00:00.000Z,Cobar,8.9,19.1,0,1.4,4.5,SSE,26,S,SE,6,13,85,52,1022.4,1020.2,7,6,10.3,18.2,No,No
2010-06-04T00:00:00.000Z,Cobar,7.3,19.2,0,1.8,8.1,SSW,28,S,SSW,9,17,90,58,1020.5,1017.7,3,3,10.4,18.7,No,No
2010-06-05T00:00:00.000Z,Cobar,6.9,16.5,0,2,9.3,SSW,33,S,SSW,9,17,82,50,1019.9,1017.3,1,1,10.7,15.8,No,No
2010-06-06T00:00:00.000Z,Cobar,7.2,13.8,0,2.4,8.2,SW,33,SSW,SSW,15,15,77,50,1021.5,1021.7,6,2,9.6,13.4,No,No
2010-06-07T00:00:00.000Z,Cobar,2.9,13.6,0,2.2,3.6,NE,13,S,SSW,4,6,91,60,1026,1023.3,4,7,7,13.2,No,No
2010-06-08T00:00:00.000Z,Cobar,2,15.8,0,0.8,8,W,24,SSE,W,6,9,88,47,1024,1020,1,1,7.5,14.6,No,No
2010-06-09T00:00:00.000Z,Cobar,2,13.7,0,1.8,5.7,WSW,48,NW,WSW,17,20,70,52,1017.9,1016.9,7,4,8.1,13.1,No,No
2010-06-10T00:00:00.000Z,Cobar,5.2,13.1,0,2,8.8,SSW,31,SW,SSW,19,13,82,47,1024.9,1023.7,1,1,7.8,12.5,No,No
2010-06-11T00:00:00.000Z,Cobar,1.4,13,0,2.4,0.1,SW,33,NA,SSW,0,19,80,66,1025.8,1023.3,7,8,7.2,10.7,No,No
2010-06-12T00:00:00.000Z,Cobar,6.5,14.4,0,0.8,7.6,S,31,SSW,SW,9,17,82,49,1025.7,1024.7,6,3,9,14.1,No,No
2010-06-13T00:00:00.000Z,Cobar,2.3,14.7,0,2,8.8,S,20,S,SE,7,9,79,34,1029.9,1027.4,1,1,6.2,14.3,No,No
2010-06-14T00:00:00.000Z,Cobar,3.6,19.1,0,2.6,9.6,ENE,22,E,ENE,13,11,70,31,1031.9,1028.7,1,3,9,18.1,No,No
2010-06-15T00:00:00.000Z,Cobar,6.5,20.4,0,1.4,7.8,NE,28,NE,NNE,13,11,70,44,1029.8,1026.6,1,7,12.2,19.5,No,No
2010-06-16T00:00:00.000Z,Cobar,8.3,19.4,0,2.6,3.2,NNE,35,NE,NNE,15,17,68,47,1026.4,1021.5,7,7,11.2,18.8,No,Yes
2010-06-17T00:00:00.000Z,Cobar,11.2,19.3,5.6,3.2,4.2,WNW,41,NW,WNW,7,20,97,54,1018.6,1015.3,8,1,12.2,18.5,Yes,Yes
2010-06-19T00:00:00.000Z,Cobar,4,17.4,0,1.8,8,WSW,24,WSW,W,7,9,73,52,1024.7,1023.1,1,4,9.8,17.1,No,No
2010-06-20T00:00:00.000Z,Cobar,9.5,17,0,1.8,0.2,SSW,28,SW,SW,6,9,78,65,1028.2,1027,7,7,13.1,16,No,No
2010-06-21T00:00:00.000Z,Cobar,10,18,0,0.6,4.4,SE,22,S,SSE,6,7,87,49,1033,1031.3,2,7,12.5,16.3,No,No
2010-06-22T00:00:00.000Z,Cobar,6.1,18.3,0,1.8,6.1,E,31,ESE,ENE,15,9,92,52,1032.8,1030.8,8,6,9.5,18,No,No
2010-06-23T00:00:00.000Z,Cobar,9.5,18.7,0,2.2,5.8,ENE,37,ENE,ENE,24,13,70,50,1032.6,1029.2,3,5,12.6,18.1,No,No
2010-06-24T00:00:00.000Z,Cobar,9.2,20.6,0,2,9.4,NNE,33,NE,NE,17,15,73,47,1028,1023.5,1,3,12.3,19.8,No,No
2010-06-25T00:00:00.000Z,Cobar,10,22,0,3,7.7,NNW,39,NNE,NW,20,19,73,52,1022.3,1019,1,6,13.7,20.8,No,Yes
2010-06-26T00:00:00.000Z,Cobar,9.9,13.6,8.6,2.8,7,SSW,33,SSW,S,11,13,87,51,1023.2,1022.1,8,2,10,13.5,Yes,No
2010-06-28T00:00:00.000Z,Cobar,1,11.6,0,1.4,8.2,SW,19,SW,SW,4,9,89,47,1022.9,1020.5,1,2,4.7,10.4,No,No
2010-06-29T00:00:00.000Z,Cobar,0,12.7,0,1.4,10.6,N,24,NE,NNE,7,11,67,39,1022.6,1019.7,0,0,6.6,11.8,No,No
2010-06-30T00:00:00.000Z,Cobar,1.6,16.2,0,1.6,8.5,W,28,NNW,WNW,7,7,60,34,1022.7,1020.3,1,2,7.4,15.7,No,No
2010-07-01T00:00:00.000Z,Cobar,3.9,16.9,0,1.8,6.6,WNW,26,NNW,WNW,9,9,57,35,1024.9,1023.7,1,7,9.1,15.4,No,No
2010-07-02T00:00:00.000Z,Cobar,7.4,9.4,1,2.2,0.2,WSW,35,NW,NW,13,11,96,95,1027.1,1024.9,8,8,7.7,8.2,No,Yes
2010-07-03T00:00:00.000Z,Cobar,2,11.9,6.6,0.2,5.5,SSE,26,SSE,S,9,9,98,62,1031.6,1030.7,7,6,4.9,11.2,Yes,No
2010-07-04T00:00:00.000Z,Cobar,1,13.8,0,1,7.7,ESE,24,ESE,ESE,6,6,93,47,1030.6,1026.8,7,6,5.4,13.3,No,No
2010-07-05T00:00:00.000Z,Cobar,2.8,15.3,0,1.6,3.7,NE,26,ENE,NE,13,7,83,46,1024,1019.4,6,7,7.2,14,No,No
2010-07-06T00:00:00.000Z,Cobar,4.4,11.3,0,1.6,5.4,SW,35,SW,SW,19,17,89,58,1022.7,1021.6,7,7,5.2,10.5,No,No
2010-07-07T00:00:00.000Z,Cobar,2.9,13.4,0,1,3.3,SSE,22,S,S,9,9,84,51,1026,1023.5,7,7,4.9,13,No,No
2010-07-08T00:00:00.000Z,Cobar,3.9,17,0,1.2,8.7,E,30,ESE,SE,11,13,79,45,1026.1,1023,2,3,9.3,16.6,No,No
2010-07-09T00:00:00.000Z,Cobar,5.5,17.8,0,2.2,8.8,E,31,ESE,E,15,17,80,42,1027,1023.8,1,1,9.4,17.7,No,No
2010-07-10T00:00:00.000Z,Cobar,8.5,20,0,2.4,3.2,NNE,52,NNE,N,28,17,70,52,1022.9,1020.5,3,7,12,18.1,No,No
2010-07-11T00:00:00.000Z,Cobar,12,18.4,0.2,3.2,2.7,W,22,WSW,W,6,4,75,59,1022.4,1020.3,7,7,14.7,17.1,No,No
2010-07-12T00:00:00.000Z,Cobar,7.4,19.8,0,1,7.6,E,24,ESE,WNW,15,4,76,41,1022.5,1019.2,6,7,11.7,19.1,No,No
2010-07-13T00:00:00.000Z,Cobar,11.7,17.4,0.6,2,0,NNW,41,NNE,N,17,15,96,98,1015.9,1012.1,8,8,15.3,15.5,No,Yes
2010-07-14T00:00:00.000Z,Cobar,7.4,14.9,27.8,1,8.5,WSW,56,W,W,19,20,70,48,1017.3,1016.8,1,2,9.8,14.4,Yes,No
2010-07-15T00:00:00.000Z,Cobar,7.9,14.6,0,2,6.4,SW,43,SW,SSW,20,11,84,55,1023.8,1023.6,3,6,10,12.8,No,No
2010-07-16T00:00:00.000Z,Cobar,2.9,13.8,0,3.2,8.7,SSE,20,SSE,S,6,9,74,55,1028.1,1025.8,5,2,8.1,13.4,No,No
2010-07-17T00:00:00.000Z,Cobar,2.2,16.4,0,1.6,9.7,ENE,19,ESE,ESE,9,4,80,42,1027.9,1024.6,0,0,7.8,15.7,No,No
2010-07-18T00:00:00.000Z,Cobar,4.2,17.5,0,1.4,10.1,N,20,NNE,NW,9,7,67,39,1022.8,1018.8,0,1,9.5,16.9,No,No
2010-07-19T00:00:00.000Z,Cobar,6.3,15.7,0,1.4,3.6,SW,31,N,SW,6,19,71,59,1019,1018.1,7,7,10.3,13.9,No,No
2010-07-20T00:00:00.000Z,Cobar,2.1,12.8,0,2,8.3,SW,30,SW,SSW,6,15,98,49,1026,1024,3,1,4.4,12.6,No,No
2010-07-21T00:00:00.000Z,Cobar,2.4,13.2,0,2.2,7.2,SSW,26,S,SSW,6,11,72,49,1028.1,1026.5,5,6,7.4,12.3,No,No
2010-07-22T00:00:00.000Z,Cobar,1.3,14.5,0,1.2,8.9,S,24,S,SSE,9,13,92,32,1031.8,1029.7,1,1,4.8,14,No,No
2010-07-23T00:00:00.000Z,Cobar,0.9,15.9,0,2.2,9.1,ENE,26,ESE,SE,13,9,71,34,1033,1030,0,1,8.2,15.4,No,No
2010-07-24T00:00:00.000Z,Cobar,5.2,16.7,0,2.6,3.9,S,22,ESE,S,9,9,74,51,1030,1026.5,7,7,9,16,No,No
